rows,features,shape,row_chunk,feature_chunk,operation,median_ms,median_cpu_ms,artifact_mb,touched_chunks,selected_chunk_mb,decoded_mb,samples
2000,8192,balanced,256,256,features,26.30197566638035,18.255000000001047,60.769306,48,11.358008,12.288,14
2000,8192,balanced,256,256,matrix,173.61537500255506,99.31049999999959,60.769306,256,60.577756,65.536,14
2000,8192,balanced,256,256,rows,163.35520850407187,96.998000000001,60.769306,256,60.577756,65.536,14
2000,8192,balanced,256,256,write,326.4510829976643,203.42850000000018,60.769306,0,0.0,0.0,6
2000,8192,baseline,1024,1024,features,27.26984374749005,25.850749999999998,60.760746,8,30.284368,32.768,14
2000,8192,baseline,1024,1024,matrix,59.807854500832,55.0770000000007,60.760746,16,60.569194,65.536,14
2000,8192,baseline,1024,1024,rows,56.82781249925025,52.6925000000009,60.760746,16,60.569194,65.536,14
2000,8192,baseline,1024,1024,write,112.8671665064757,95.50850000000017,60.760746,0,0.0,0.0,6
2000,8192,narrow_features,1024,128,features,10.824108400265649,8.6627999999997,60.767466,14,6.625467,7.168,14
2000,8192,narrow_features,1024,128,matrix,126.49554199742852,76.1884999999988,60.767466,128,60.575915,65.536,14
2000,8192,narrow_features,1024,128,rows,108.15416649711545,75.32949999999865,60.767466,128,60.575915,65.536,14
2000,8192,narrow_features,1024,128,write,210.794792001252,144.4534999999991,60.767466,0,0.0,0.0,6
2000,8192,short_rows,128,1024,features,52.47249999229095,35.636499999998904,60.761508,64,30.284864,32.768,14
2000,8192,short_rows,128,1024,matrix,104.3639585113851,73.44999999999929,60.761508,128,60.569957,65.536,14
2000,8192,short_rows,128,1024,rows,106.9336045038653,76.31049999999989,60.761508,128,60.569957,65.536,14
2000,8192,short_rows,128,1024,write,205.9193954992224,139.1220000000004,60.761508,0,0.0,0.0,6
20000,1024,balanced,256,256,features,151.5719374947366,89.0794999999999,75.76554,237,56.784945,61.44,14
20000,1024,balanced,256,256,matrix,220.689145506185,120.8074999999997,75.76554,316,75.713984,81.92,14
20000,1024,balanced,256,256,rows,154.12225000181928,92.60649999999956,75.76554,240,58.148233,62.91456,14
20000,1024,balanced,256,256,write,400.64447899931105,240.28200000000004,75.76554,0,0.0,0.0,6
20000,1024,baseline,1024,1024,features,67.46816650411344,61.1210000000008,75.762886,20,75.711328,81.92,14
20000,1024,baseline,1024,1024,matrix,64.30135450500525,61.25600000000015,75.762886,20,75.711328,81.92,14
20000,1024,baseline,1024,1024,rows,68.17866700293959,61.73900000000015,75.762886,20,75.711328,81.92,14
20000,1024,baseline,1024,1024,write,135.22856249619505,107.86199999999985,75.762886,0,0.0,0.0,6
20000,1024,narrow_features,1024,128,features,68.18412500433621,46.729999999999244,75.764222,80,37.855942,40.96,14
20000,1024,narrow_features,1024,128,matrix,132.85825050115812,92.3294999999999,75.764222,160,75.712665,81.92,14
20000,1024,narrow_features,1024,128,rows,129.16589549422497,88.097499999999,75.764222,160,75.712665,81.92,14
20000,1024,narrow_features,1024,128,write,261.7573540046578,174.8670000000001,75.764222,0,0.0,0.0,6
20000,1024,short_rows,128,1024,features,127.92229149636111,88.1315000000002,75.764047,157,75.71249,81.92,14
20000,1024,short_rows,128,1024,matrix,129.19362499815173,87.6550000000002,75.764047,157,75.71249,81.92,14
20000,1024,short_rows,128,1024,rows,76.11012500274225,51.782000000000146,75.764047,87,42.156744,45.613056,14
20000,1024,short_rows,128,1024,write,278.27804149274016,175.88100000000014,75.764047,0,0.0,0.0,6
