rows,features,shape,row_chunk,feature_chunk,operation,repetition,wall_seconds,cpu_seconds,calls,artifact_bytes,touched_chunks,selected_chunk_bytes,decoded_bytes
20000,1024,narrow_features,1024,128,write,1,0.25834970800497103,0.172215,1,75764222,0,0,0
20000,1024,short_rows,128,1024,write,1,0.27154754199727904,0.17024600000000012,1,75764047,0,0,0
20000,1024,balanced,256,256,write,1,0.38118429099267814,0.23756600000000017,1,75765540,0,0,0
20000,1024,baseline,1024,1024,write,1,0.12500241700035986,0.10729999999999995,1,75762886,0,0,0
20000,1024,short_rows,128,1024,write,2,0.2749811249959748,0.1782790000000003,1,75764047,0,0,0
20000,1024,narrow_features,1024,128,write,2,0.26062587500200607,0.18330199999999985,1,75764222,0,0,0
20000,1024,baseline,1024,1024,write,2,0.13748583299457096,0.11385500000000004,1,75762886,0,0,0
20000,1024,balanced,256,256,write,2,0.40484970800753217,0.2438159999999998,1,75765540,0,0,0
20000,1024,balanced,256,256,write,3,0.3885182910016738,0.23595600000000028,1,75765540,0,0,0
20000,1024,short_rows,128,1024,write,3,0.2585630409885198,0.17118300000000009,1,75764047,0,0,0
20000,1024,narrow_features,1024,128,write,3,0.25362487499660347,0.17188099999999995,1,75764222,0,0,0
20000,1024,baseline,1024,1024,write,3,0.12629241700051352,0.10613299999999981,1,75762886,0,0,0
20000,1024,narrow_features,1024,128,rows,1,0.13096095900982618,0.09058600000000006,1,75764222,160,75712665,81920000
20000,1024,narrow_features,1024,128,matrix,1,0.12128074999782257,0.10097100000000037,1,75764222,160,75712665,81920000
20000,1024,balanced,256,256,features,1,0.1507742919930024,0.08899900000000027,1,75765540,237,56784945,61440000
20000,1024,short_rows,128,1024,matrix,1,0.12648670800263062,0.08905100000000044,1,75764047,157,75712490,81920000
20000,1024,baseline,1024,1024,matrix,1,0.06707274999644142,0.06107200000000024,1,75762886,20,75711328,81920000
20000,1024,balanced,256,256,matrix,1,0.19984783300606068,0.11792800000000003,1,75765540,316,75713984,81920000
20000,1024,balanced,256,256,rows,1,0.11831433400220703,0.08711700000000011,1,75765540,240,58148233,62914560
20000,1024,narrow_features,1024,128,features,1,0.06658091599820182,0.04550199999999993,1,75764222,80,37855942,40960000
20000,1024,baseline,1024,1024,features,1,0.06662704100017436,0.06092800000000054,1,75762886,20,75711328,81920000
20000,1024,baseline,1024,1024,rows,1,0.06379158300114796,0.06108400000000014,1,75762886,20,75711328,81920000
20000,1024,short_rows,128,1024,rows,1,0.07325012500223238,0.04965799999999998,1,75764047,87,42156744,45613056
20000,1024,short_rows,128,1024,features,1,0.11447291700460482,0.0845419999999999,1,75764047,157,75712490,81920000
20000,1024,short_rows,128,1024,features,2,0.10764245899918023,0.08725700000000014,1,75764047,157,75712490,81920000
20000,1024,narrow_features,1024,128,rows,2,0.11948445800226182,0.08702400000000043,1,75764222,160,75712665,81920000
20000,1024,balanced,256,256,features,2,0.15287741700012702,0.09082699999999999,1,75765540,237,56784945,61440000
20000,1024,balanced,256,256,rows,2,0.12703033299476374,0.08730599999999988,1,75765540,240,58148233,62914560
20000,1024,narrow_features,1024,128,features,2,0.06687758400221355,0.045530999999999544,1,75764222,80,37855942,40960000
20000,1024,baseline,1024,1024,rows,2,0.06683245899330359,0.06091599999999975,1,75762886,20,75711328,81920000
20000,1024,short_rows,128,1024,matrix,2,0.12913512499653734,0.08777400000000046,1,75764047,157,75712490,81920000
20000,1024,baseline,1024,1024,matrix,2,0.06388545800291467,0.06115199999999987,1,75762886,20,75711328,81920000
20000,1024,short_rows,128,1024,rows,2,0.061131541995564476,0.049882000000000204,1,75764047,87,42156744,45613056
20000,1024,balanced,256,256,matrix,2,0.20202770800096914,0.12074600000000046,1,75765540,316,75713984,81920000
20000,1024,narrow_features,1024,128,matrix,2,0.1495657920022495,0.0919989999999995,1,75764222,160,75712665,81920000
20000,1024,baseline,1024,1024,features,2,0.07491100000333972,0.06413400000000014,1,75762886,20,75711328,81920000
20000,1024,short_rows,128,1024,features,3,0.1478074160113465,0.08688199999999924,1,75764047,157,75712490,81920000
20000,1024,narrow_features,1024,128,matrix,3,0.10824225000396837,0.0874359999999994,1,75764222,160,75712665,81920000
20000,1024,balanced,256,256,matrix,3,0.22867974999826401,0.11744600000000016,1,75765540,316,75713984,81920000
20000,1024,narrow_features,1024,128,features,3,0.07816779099812265,0.04594200000000015,1,75764222,80,37855942,40960000
20000,1024,baseline,1024,1024,rows,3,0.07126216699543875,0.06186899999999973,1,75762886,20,75711328,81920000
20000,1024,narrow_features,1024,128,rows,3,0.128822582992143,0.08577100000000115,1,75764222,160,75712665,81920000
20000,1024,baseline,1024,1024,features,3,0.06119895800657105,0.05847900000000017,1,75762886,20,75711328,81920000
20000,1024,short_rows,128,1024,matrix,3,0.15134183400368784,0.08694399999999902,1,75764047,157,75712490,81920000
20000,1024,baseline,1024,1024,matrix,3,0.06156191699847113,0.058856000000000464,1,75762886,20,75711328,81920000
20000,1024,balanced,256,256,rows,3,0.19228712499898393,0.11519299999999966,1,75765540,240,58148233,62914560
20000,1024,balanced,256,256,features,3,0.13333970800158568,0.0867950000000004,1,75765540,237,56784945,61440000
20000,1024,short_rows,128,1024,rows,3,0.1096127499913564,0.05932500000000118,1,75764047,87,42156744,45613056
20000,1024,narrow_features,1024,128,rows,4,0.1695174170017708,0.09972199999999987,1,75764222,160,75712665,81920000
20000,1024,balanced,256,256,matrix,4,0.2533615419961279,0.12455899999999964,1,75765540,316,75713984,81920000
20000,1024,balanced,256,256,rows,4,0.11974695899698418,0.08824100000000001,1,75765540,240,58148233,62914560
20000,1024,baseline,1024,1024,matrix,4,0.09135933300422039,0.06850899999999882,1,75762886,20,75711328,81920000
20000,1024,baseline,1024,1024,rows,4,0.06829691700113472,0.06565999999999939,1,75762886,20,75711328,81920000
20000,1024,baseline,1024,1024,features,4,0.06751970799814444,0.06479800000000147,1,75762886,20,75711328,81920000
20000,1024,short_rows,128,1024,rows,4,0.07609079200483393,0.05275800000000075,1,75764047,87,42156744,45613056
20000,1024,short_rows,128,1024,matrix,4,0.11542737499985378,0.08613199999999921,1,75764047,157,75712490,81920000
20000,1024,narrow_features,1024,128,features,4,0.07519045899971388,0.05293700000000001,1,75764222,80,37855942,40960000
20000,1024,short_rows,128,1024,features,4,0.10595874999125954,0.08530899999999875,1,75764047,157,75712490,81920000
20000,1024,narrow_features,1024,128,matrix,4,0.12425662500027101,0.09199500000000072,1,75764222,160,75712665,81920000
20000,1024,balanced,256,256,features,4,0.15236958299647085,0.09088099999999955,1,75765540,237,56784945,61440000
20000,1024,narrow_features,1024,128,rows,5,0.11953087500296533,0.08651600000000137,1,75764222,160,75712665,81920000
20000,1024,baseline,1024,1024,rows,5,0.06730833400797565,0.06142099999999928,1,75762886,20,75711328,81920000
20000,1024,short_rows,128,1024,rows,5,0.07252179199713282,0.04976899999999951,1,75764047,87,42156744,45613056
20000,1024,narrow_features,1024,128,matrix,5,0.12359379199915566,0.09142000000000117,1,75764222,160,75712665,81920000
20000,1024,balanced,256,256,rows,5,0.1526270000031218,0.09161299999999883,1,75765540,240,58148233,62914560
20000,1024,balanced,256,256,features,5,0.12361766600224655,0.08503699999999981,1,75765540,237,56784945,61440000
20000,1024,balanced,256,256,matrix,5,0.15843754200614057,0.11353300000000033,1,75765540,316,75713984,81920000
20000,1024,baseline,1024,1024,features,5,0.0674166250100825,0.06129100000000065,1,75762886,20,75711328,81920000
20000,1024,narrow_features,1024,128,features,5,0.06757091700274032,0.046481999999999246,1,75764222,80,37855942,40960000
20000,1024,short_rows,128,1024,features,5,0.1296382909931708,0.08807200000000037,1,75764047,157,75712490,81920000
20000,1024,baseline,1024,1024,matrix,5,0.0643857920076698,0.06158800000000042,1,75762886,20,75711328,81920000
20000,1024,short_rows,128,1024,matrix,5,0.10314233299868647,0.08259400000000028,1,75764047,157,75712490,81920000
20000,1024,short_rows,128,1024,rows,6,0.05887799999618437,0.04752000000000045,1,75764047,87,42156744,45613056
20000,1024,balanced,256,256,rows,6,0.1753382079914445,0.09360000000000035,1,75765540,240,58148233,62914560
20000,1024,balanced,256,256,features,6,0.13052708300529048,0.08452899999999985,1,75765540,237,56784945,61440000
20000,1024,short_rows,128,1024,matrix,6,0.15234133299964014,0.08849099999999943,1,75764047,157,75712490,81920000
20000,1024,baseline,1024,1024,rows,6,0.07245112500095274,0.06224500000000077,1,75762886,20,75711328,81920000
20000,1024,baseline,1024,1024,features,6,0.06381029199110344,0.06092799999999876,1,75762886,20,75711328,81920000
20000,1024,baseline,1024,1024,matrix,6,0.06421691700234078,0.061341999999999786,1,75762886,20,75711328,81920000
20000,1024,balanced,256,256,matrix,6,0.23222366700065322,0.120868999999999,1,75765540,316,75713984,81920000
20000,1024,narrow_features,1024,128,matrix,6,0.16500783400260843,0.09638199999999841,1,75764222,160,75712665,81920000
20000,1024,narrow_features,1024,128,rows,6,0.11341704199730884,0.09179299999999913,1,75764222,160,75712665,81920000
20000,1024,narrow_features,1024,128,features,6,0.058883874997263774,0.04707500000000131,1,75764222,80,37855942,40960000
20000,1024,short_rows,128,1024,features,6,0.16327050000836607,0.0931160000000002,1,75764047,157,75712490,81920000
20000,1024,balanced,256,256,rows,7,0.1939242080115946,0.0994849999999996,1,75765540,240,58148233,62914560
20000,1024,narrow_features,1024,128,rows,7,0.14880641699710395,0.08809299999999887,1,75764222,160,75712665,81920000
20000,1024,narrow_features,1024,128,features,7,0.054766041997936554,0.04428799999999988,1,75764222,80,37855942,40960000
20000,1024,baseline,1024,1024,features,7,0.06942112499382347,0.060423000000000116,1,75762886,20,75711328,81920000
20000,1024,short_rows,128,1024,rows,7,0.08497233300295193,0.04992399999999897,1,75764047,87,42156744,45613056
20000,1024,short_rows,128,1024,matrix,7,0.12937095899542328,0.08864599999999889,1,75764047,157,75712490,81920000
20000,1024,balanced,256,256,matrix,7,0.23805712499597576,0.12021600000000099,1,75765540,316,75713984,81920000
20000,1024,narrow_features,1024,128,matrix,7,0.15676091700152028,0.09717299999999973,1,75764222,160,75712665,81920000
20000,1024,short_rows,128,1024,features,7,0.14784541699918918,0.08835999999999977,1,75764047,157,75712490,81920000
20000,1024,baseline,1024,1024,rows,7,0.06799562500964385,0.06067900000000037,1,75762886,20,75711328,81920000
20000,1024,balanced,256,256,features,7,0.17018729100527707,0.08915999999999968,1,75765540,237,56784945,61440000
20000,1024,baseline,1024,1024,matrix,7,0.06306337499700021,0.06033200000000072,1,75762886,20,75711328,81920000
2000,8192,balanced,256,256,write,1,0.32593712500238325,0.19973700000000072,1,60769306,0,0,0
2000,8192,baseline,1024,1024,write,1,0.10997141699772328,0.09456100000000056,1,60760746,0,0,0
2000,8192,narrow_features,1024,128,write,1,0.2163946669897996,0.14375499999999874,1,60767466,0,0,0
2000,8192,short_rows,128,1024,write,1,0.20703516699722968,0.138304999999999,1,60761508,0,0,0
2000,8192,balanced,256,256,write,2,0.3188334999867948,0.19644300000000037,1,60769306,0,0,0
2000,8192,short_rows,128,1024,write,2,0.20617229100025725,0.13882199999999933,1,60761508,0,0,0
2000,8192,baseline,1024,1024,write,2,0.11479958301060833,0.09450899999999862,1,60760746,0,0,0
2000,8192,narrow_features,1024,128,write,2,0.2074169580009766,0.14050299999999893,1,60767466,0,0,0
2000,8192,narrow_features,1024,128,write,3,0.21068870900489856,0.1451519999999995,1,60767466,0,0,0
2000,8192,short_rows,128,1024,write,3,0.20475525000074413,0.13836599999999954,1,60761508,0,0,0
2000,8192,baseline,1024,1024,write,3,0.11482529201020952,0.09645599999999988,1,60760746,0,0,0
2000,8192,balanced,256,256,write,3,0.3576317090046359,0.219538,1,60769306,0,0,0
2000,8192,balanced,256,256,rows,1,0.1747595420019934,0.0958660000000009,1,60769306,256,60577756,65536000
2000,8192,narrow_features,1024,128,rows,1,0.12571912500425242,0.07420399999999816,1,60767466,128,60575915,65536000
2000,8192,short_rows,128,1024,features,1,0.06034350000845734,0.03546300000000002,1,60761508,64,30284864,32768000
2000,8192,short_rows,128,1024,matrix,1,0.1054036670102505,0.07111700000000098,1,60761508,128,60569957,65536000
2000,8192,baseline,1024,1024,matrix,1,0.0639724579959875,0.05554700000000068,1,60760746,16,60569194,65536000
2000,8192,baseline,1024,1024,features,1,0.027700083002855536,0.02636850000000024,2,60760746,8,30284368,32768000
2000,8192,balanced,256,256,features,1,0.026564847333550762,0.017992333333334425,3,60769306,48,11358008,12288000
2000,8192,short_rows,128,1024,rows,1,0.08760291700309608,0.07088800000000006,1,60761508,128,60569957,65536000
2000,8192,narrow_features,1024,128,features,1,0.010185316600836814,0.00823959999999957,5,60767466,14,6625467,7168000
2000,8192,baseline,1024,1024,rows,1,0.05339391699817497,0.05121700000000118,1,60760746,16,60569194,65536000
2000,8192,balanced,256,256,matrix,1,0.18119962498894893,0.0981740000000002,1,60769306,256,60577756,65536000
2000,8192,narrow_features,1024,128,matrix,1,0.1303908749978291,0.08012199999999936,1,60767466,128,60575915,65536000
2000,8192,baseline,1024,1024,rows,2,0.07626891699328553,0.061267999999998324,1,60760746,16,60569194,65536000
2000,8192,narrow_features,1024,128,features,2,0.012634866600274108,0.010523399999999582,5,60767466,14,6625467,7168000
2000,8192,balanced,256,256,features,2,0.04299598633466909,0.027782666666666955,3,60769306,48,11358008,12288000
2000,8192,baseline,1024,1024,matrix,2,0.06900454200513195,0.06401299999999921,1,60760746,16,60569194,65536000
2000,8192,narrow_features,1024,128,matrix,2,0.13177745799475815,0.10091099999999997,1,60767466,128,60575915,65536000
2000,8192,short_rows,128,1024,matrix,2,0.1276245420012856,0.09057900000000174,1,60761508,128,60569957,65536000
2000,8192,short_rows,128,1024,features,2,0.047368458006531,0.03911700000000096,1,60761508,64,30284864,32768000
2000,8192,narrow_features,1024,128,rows,2,0.10584916701191105,0.08590199999999726,1,60767466,128,60575915,65536000
2000,8192,balanced,256,256,matrix,2,0.16992566699627787,0.11023199999999989,1,60769306,256,60577756,65536000
2000,8192,balanced,256,256,rows,2,0.14980858299531974,0.10764099999999743,1,60769306,256,60577756,65536000
2000,8192,baseline,1024,1024,features,2,0.030879249999998137,0.028399499999999023,2,60760746,8,30284368,32768000
2000,8192,short_rows,128,1024,rows,2,0.1256650409923168,0.08833199999999763,1,60761508,128,60569957,65536000
2000,8192,baseline,1024,1024,rows,3,0.060410000005504116,0.056597999999997484,1,60760746,16,60569194,65536000
2000,8192,narrow_features,1024,128,rows,3,0.11234187499212567,0.07794699999999821,1,60767466,128,60575915,65536000
2000,8192,short_rows,128,1024,rows,3,0.10085804099799134,0.08142600000000044,1,60761508,128,60569957,65536000
2000,8192,balanced,256,256,features,3,0.02498002767000192,0.018581666666667235,3,60769306,48,11358008,12288000
2000,8192,balanced,256,256,matrix,3,0.16544954100390896,0.10083599999999748,1,60769306,256,60577756,65536000
2000,8192,baseline,1024,1024,matrix,3,0.05854012499912642,0.05472400000000022,1,60760746,16,60569194,65536000
2000,8192,narrow_features,1024,128,matrix,3,0.09559412499947939,0.07734699999999961,1,60767466,128,60575915,65536000
2000,8192,short_rows,128,1024,features,3,0.05286337499273941,0.03537099999999782,1,60761508,64,30284864,32768000
2000,8192,short_rows,128,1024,matrix,3,0.09790429100394249,0.07258699999999862,1,60761508,128,60569957,65536000
2000,8192,balanced,256,256,rows,3,0.12924266600748524,0.09286300000000125,1,60769306,256,60577756,65536000
2000,8192,baseline,1024,1024,features,3,0.026535520497418474,0.02539249999999882,2,60760746,8,30284368,32768000
2000,8192,narrow_features,1024,128,features,3,0.010841325001092628,0.008440999999999832,5,60767466,14,6625467,7168000
2000,8192,narrow_features,1024,128,rows,4,0.11641120800049976,0.07538599999999818,1,60767466,128,60575915,65536000
2000,8192,balanced,256,256,features,4,0.026879194667950895,0.01938699999999945,3,60769306,48,11358008,12288000
2000,8192,balanced,256,256,matrix,4,0.1814264999993611,0.09852000000000061,1,60769306,256,60577756,65536000
2000,8192,short_rows,128,1024,features,4,0.0726896659907652,0.03996900000000281,1,60761508,64,30284864,32768000
2000,8192,baseline,1024,1024,features,4,0.031794562499271706,0.02849400000000024,2,60760746,8,30284368,32768000
2000,8192,narrow_features,1024,128,features,4,0.011842574999900535,0.008926400000000001,5,60767466,14,6625467,7168000
2000,8192,short_rows,128,1024,rows,4,0.11276641700533219,0.07498700000000014,1,60761508,128,60569957,65536000
2000,8192,narrow_features,1024,128,matrix,4,0.12333237499115057,0.0757399999999997,1,60767466,128,60575915,65536000
2000,8192,short_rows,128,1024,matrix,4,0.08572808399912901,0.06896999999999665,1,60761508,128,60569957,65536000
2000,8192,baseline,1024,1024,matrix,4,0.05888258399500046,0.054168999999998135,1,60760746,16,60569194,65536000
2000,8192,balanced,256,256,rows,4,0.18443508401105646,0.09628899999999874,1,60769306,256,60577756,65536000
2000,8192,baseline,1024,1024,rows,4,0.05633041700639296,0.051632000000001455,1,60760746,16,60569194,65536000
2000,8192,narrow_features,1024,128,rows,5,0.12374879198614508,0.07472699999999932,1,60767466,128,60575915,65536000
2000,8192,short_rows,128,1024,features,5,0.06538208400888834,0.0375949999999996,1,60761508,64,30284864,32768000
2000,8192,short_rows,128,1024,matrix,5,0.10835800001223106,0.07705299999999937,1,60761508,128,60569957,65536000
2000,8192,baseline,1024,1024,features,5,0.026663666998501867,0.02551599999999965,2,60760746,8,30284368,32768000
2000,8192,balanced,256,256,rows,5,0.17617570799484383,0.09772499999999695,1,60769306,256,60577756,65536000
2000,8192,balanced,256,256,features,5,0.02376277766597923,0.017428999999999917,3,60769306,48,11358008,12288000
2000,8192,balanced,256,256,matrix,5,0.12571933299477678,0.09214799999999812,1,60769306,256,60577756,65536000
2000,8192,narrow_features,1024,128,matrix,5,0.1327655410132138,0.07582500000000181,1,60767466,128,60575915,65536000
2000,8192,baseline,1024,1024,rows,5,0.06065762499929406,0.053632000000000346,1,60760746,16,60569194,65536000
2000,8192,short_rows,128,1024,rows,5,0.1197939999983646,0.0791920000000026,1,60761508,128,60569957,65536000
2000,8192,baseline,1024,1024,matrix,5,0.05742933398869354,0.055046000000000816,1,60760746,16,60569194,65536000
2000,8192,narrow_features,1024,128,features,5,0.010806891799438745,0.008864399999999505,5,60767466,14,6625467,7168000
2000,8192,balanced,256,256,matrix,6,0.18253870800253935,0.10010099999999866,1,60769306,256,60577756,65536000
2000,8192,baseline,1024,1024,matrix,6,0.06289158400613815,0.055455999999999506,1,60760746,16,60569194,65536000
2000,8192,balanced,256,256,rows,6,0.12613316600618418,0.09269699999999759,1,60769306,256,60577756,65536000
2000,8192,baseline,1024,1024,rows,6,0.053703874989878386,0.05151599999999945,1,60760746,16,60569194,65536000
2000,8192,baseline,1024,1024,features,6,0.025858187495032325,0.024707000000001145,2,60760746,8,30284368,32768000
2000,8192,short_rows,128,1024,rows,6,0.14644516599946655,0.09483900000000034,1,60761508,128,60569957,65536000
2000,8192,balanced,256,256,features,6,0.024422041669216316,0.017427333333332722,3,60769306,48,11358008,12288000
2000,8192,narrow_features,1024,128,matrix,6,0.12959908299671952,0.07982600000000062,1,60767466,128,60575915,65536000
2000,8192,narrow_features,1024,128,features,6,0.011910216600517743,0.009854200000000191,5,60767466,14,6625467,7168000
2000,8192,narrow_features,1024,128,rows,6,0.10058800000115298,0.08292300000000097,1,60767466,128,60575915,65536000
2000,8192,short_rows,128,1024,matrix,6,0.09697345799941104,0.08126500000000192,1,60761508,128,60569957,65536000
2000,8192,short_rows,128,1024,features,6,0.043599833006737754,0.03518800000000155,1,60761508,64,30284864,32768000
2000,8192,baseline,1024,1024,rows,7,0.053219374996842816,0.05100499999999997,1,60760746,16,60569194,65536000
2000,8192,balanced,256,256,matrix,7,0.1705435839976417,0.09576600000000113,1,60769306,256,60577756,65536000
2000,8192,short_rows,128,1024,matrix,7,0.12536754200118594,0.07251999999999725,1,60761508,128,60569957,65536000
2000,8192,short_rows,128,1024,features,7,0.04193079099059105,0.03353899999999754,1,60761508,64,30284864,32768000
2000,8192,narrow_features,1024,128,matrix,7,0.12355162500170991,0.0749379999999995,1,60767466,128,60575915,65536000
2000,8192,narrow_features,1024,128,features,7,0.01021152499888558,0.008281799999999607,5,60767466,14,6625467,7168000
2000,8192,balanced,256,256,features,7,0.02756331966763052,0.018288000000000675,3,60769306,48,11358008,12288000
2000,8192,narrow_features,1024,128,rows,7,0.08725016699463595,0.07025199999999998,1,60767466,128,60575915,65536000
2000,8192,short_rows,128,1024,rows,7,0.08865795799647458,0.0715760000000003,1,60761508,128,60569957,65536000
2000,8192,baseline,1024,1024,matrix,7,0.06253933400148526,0.055133999999998906,1,60760746,16,60569194,65536000
2000,8192,baseline,1024,1024,features,7,0.026094478998857085,0.024950999999999723,2,60760746,8,30284368,32768000
2000,8192,balanced,256,256,rows,7,0.18057699999189936,0.09528500000000051,1,60769306,256,60577756,65536000
