rows,features,shape,row_chunk,feature_chunk,operation,median_ms,median_cpu_ms,artifact_mb,chunks,stored_mb,decoded_mb
2000,8192,balanced,256,256,features,26.5648473335507,18.2880000000006,60.769306,48,11.358008,12.288
2000,8192,balanced,256,256,matrix,170.5435839976417,98.52000000000059,60.769306,256,60.577756,65.536
2000,8192,balanced,256,256,rows,174.7595420019934,95.8660000000009,60.769306,256,60.577756,65.536
2000,8192,balanced,256,256,write,325.9371250023832,199.7370000000007,60.769306,0,0.0,0.0
2000,8192,baseline,1024,1024,features,26.6636669985018,25.5159999999996,60.760746,8,30.284368,32.768
2000,8192,baseline,1024,1024,matrix,62.5393340014852,55.1339999999989,60.760746,16,60.569194,65.536
2000,8192,baseline,1024,1024,rows,56.3304170063929,51.6320000000014,60.760746,16,60.569194,65.536
2000,8192,baseline,1024,1024,write,114.7995830106083,94.5610000000005,60.760746,0,0.0,0.0
2000,8192,narrow_features,1024,128,features,10.841325001092601,8.8643999999995,60.767466,14,6.625467,7.168
2000,8192,narrow_features,1024,128,matrix,129.5990829967195,77.3469999999996,60.767466,128,60.575915,65.536
2000,8192,narrow_features,1024,128,rows,112.3418749921256,75.38599999999809,60.767466,128,60.575915,65.536
2000,8192,narrow_features,1024,128,write,210.6887090048985,143.7549999999987,60.767466,0,0.0,0.0
2000,8192,short_rows,128,1024,features,52.8633749927394,35.463,60.761508,64,30.284864,32.768
2000,8192,short_rows,128,1024,matrix,105.4036670102505,72.5869999999986,60.761508,128,60.569957,65.536
2000,8192,short_rows,128,1024,rows,112.7664170053321,79.1920000000026,60.761508,128,60.569957,65.536
2000,8192,short_rows,128,1024,write,206.1722910002572,138.3659999999995,60.761508,0,0.0,0.0
20000,1024,balanced,256,256,features,150.7742919930024,88.99900000000021,75.76554,237,56.784945,61.44
20000,1024,balanced,256,256,matrix,228.679749998264,120.2160000000009,75.76554,316,75.713984,81.92
20000,1024,balanced,256,256,rows,152.6270000031218,91.6129999999988,75.76554,240,58.148233,62.91456
20000,1024,balanced,256,256,write,388.5182910016738,237.56600000000012,75.76554,0,0.0,0.0
20000,1024,baseline,1024,1024,features,67.4166250100825,60.9280000000005,75.762886,20,75.711328,81.92
20000,1024,baseline,1024,1024,matrix,64.2169170023407,61.151999999999795,75.762886,20,75.711328,81.92
20000,1024,baseline,1024,1024,rows,67.9956250096438,61.4209999999992,75.762886,20,75.711328,81.92
20000,1024,baseline,1024,1024,write,126.2924170005135,107.2999999999999,75.762886,0,0.0,0.0
20000,1024,narrow_features,1024,128,features,66.8775840022135,45.9420000000001,75.764222,80,37.855942,40.96
20000,1024,narrow_features,1024,128,matrix,124.256625000271,91.9989999999995,75.764222,160,75.712665,81.92
20000,1024,narrow_features,1024,128,rows,128.822582992143,88.0929999999988,75.764222,160,75.712665,81.92
20000,1024,narrow_features,1024,128,write,258.349708004971,172.215,75.764222,0,0.0,0.0
20000,1024,short_rows,128,1024,features,129.6382909931708,87.2570000000001,75.764047,157,75.71249,81.92
20000,1024,short_rows,128,1024,matrix,129.1351249965373,87.7740000000004,75.764047,157,75.71249,81.92
20000,1024,short_rows,128,1024,rows,73.2501250022323,49.8820000000002,75.764047,87,42.156744,45.613056
20000,1024,short_rows,128,1024,write,271.547541997279,171.183,75.764047,0,0.0,0.0
