rows,features,shape,operation,latency_ms,samples,median_ms,q25_ms,q75_ms,get_requests,head_requests,chunk_gets,metadata_gets,list_gets,response_mb,chunk_mb,artifact_mb
2000,8192,baseline,features,0,14,307.19352099549724,263.44912500280765,556.9192604998534,13.0,13.0,8.0,2.0,3.0,30.466325,30.284368,60.760746
2000,8192,baseline,features,20,14,967.4103330034995,919.8519267520169,979.9356459916452,13.0,13.0,8.0,2.0,3.0,30.466325,30.284368,60.760746
2000,8192,baseline,matrix,0,14,632.028125000943,497.19465650196065,926.7371352434565,21.0,21.0,16.0,2.0,3.0,60.751151,60.569194,60.760746
2000,8192,baseline,matrix,20,14,1736.0804580021068,1624.703843754105,1839.128885003447,21.0,21.0,16.0,2.0,3.0,60.751151,60.569194,60.760746
2000,8192,baseline,rows,0,14,565.997082994727,484.40351050885505,1004.1629067527538,21.0,21.0,16.0,2.0,3.0,60.751151,60.569194,60.760746
2000,8192,baseline,rows,20,14,1748.4249794943025,1651.8145935042412,1810.498948001623,21.0,21.0,16.0,2.0,3.0,60.751151,60.569194,60.760746
2000,8192,narrow_features,features,0,14,125.99308400240255,116.65811475177178,133.38593724984088,19.0,19.0,14.0,2.0,3.0,6.807444,6.625467,60.767466
2000,8192,narrow_features,features,20,14,1127.9700829982175,1077.9474687442416,1163.0283227568725,19.0,19.0,14.0,2.0,3.0,6.807444,6.625467,60.767466
2000,8192,narrow_features,matrix,0,14,1501.9691255074576,1468.0115619958087,1813.5665102454368,133.0,133.0,128.0,2.0,3.0,60.757892,60.575915,60.767466
2000,8192,narrow_features,matrix,20,14,9397.008520500094,9222.545301756329,9561.29087500085,133.0,133.0,128.0,2.0,3.0,60.757892,60.575915,60.767466
2000,8192,narrow_features,rows,0,14,1456.0916045011254,1337.531593748281,1652.4364475080802,133.0,133.0,128.0,2.0,3.0,60.757892,60.575915,60.767466
2000,8192,narrow_features,rows,20,14,9465.057645997149,9403.385458750565,9628.565875507775,133.0,133.0,128.0,2.0,3.0,60.757892,60.575915,60.767466
