rows,features,shape,row_chunk,feature_chunk,operation,latency_ms,repetition,wall_seconds,cpu_seconds,artifact_bytes,get_requests,head_requests,chunk_gets,metadata_gets,list_gets,response_bytes,chunk_bytes
2000,8192,narrow_features,1024,128,rows,0,0,1.2451623340020888,0.569172,60767466,133,133,128,2,3,60757892,60575915
2000,8192,baseline,1024,1024,matrix,0,0,0.5018210000125691,0.30877,60760746,21,21,16,2,3,60751151,60569194
2000,8192,narrow_features,1024,128,matrix,0,0,1.892007457994623,0.743868,60767466,133,133,128,2,3,60757892,60575915
2000,8192,narrow_features,1024,128,features,0,0,0.1348801250132965,0.07220199999999988,60767466,19,19,14,2,3,6807444,6625467
2000,8192,baseline,1024,1024,rows,0,0,0.5114943749940721,0.3306320000000005,60760746,21,21,16,2,3,60751151,60569194
2000,8192,baseline,1024,1024,features,0,0,0.4496793339931173,0.1786089999999998,60760746,13,13,8,2,3,30466325,30284368
2000,8192,baseline,1024,1024,rows,0,1,0.4908707919967128,0.3130229999999994,60760746,21,21,16,2,3,60751151,60569194
2000,8192,narrow_features,1024,128,matrix,0,1,1.961178415993345,0.741034,60767466,133,133,128,2,3,60757892,60575915
2000,8192,baseline,1024,1024,matrix,0,1,0.5248313750053057,0.3517349999999997,60760746,21,21,16,2,3,60751151,60569194
2000,8192,narrow_features,1024,128,features,0,1,0.13349245800054632,0.07296899999999873,60767466,19,19,14,2,3,6807444,6625467
2000,8192,narrow_features,1024,128,rows,0,1,1.9392888750007842,0.6919930000000001,60767466,133,133,128,2,3,60757892,60575915
2000,8192,baseline,1024,1024,features,0,1,0.3409514999948442,0.1934730000000009,60760746,13,13,8,2,3,30466325,30284368
2000,8192,baseline,1024,1024,rows,0,2,0.7751714579935651,0.3448000000000011,60760746,21,21,16,2,3,60751151,60569194
2000,8192,narrow_features,1024,128,rows,0,2,1.3392707500024699,0.554017,60767466,133,133,128,2,3,60757892,60575915
2000,8192,narrow_features,1024,128,matrix,0,2,2.6488710830017226,0.9392439999999986,60767466,133,133,128,2,3,60757892,60575915
2000,8192,narrow_features,1024,128,features,0,2,0.1934167500003241,0.09364300000000014,60767466,19,19,14,2,3,6807444,6625467
2000,8192,baseline,1024,1024,matrix,0,2,0.508715249990928,0.3384090000000004,60760746,21,21,16,2,3,60751151,60569194
2000,8192,baseline,1024,1024,features,0,2,0.5880908749968512,0.18196400000000068,60760746,13,13,8,2,3,30466325,30284368
2000,8192,narrow_features,1024,128,features,0,3,0.13072208400990348,0.07307499999999933,60767466,19,19,14,2,3,6807444,6625467
2000,8192,baseline,1024,1024,features,0,3,0.26763883300009184,0.1633760000000013,60760746,13,13,8,2,3,30466325,30284368
2000,8192,baseline,1024,1024,matrix,0,3,0.4708591249946039,0.31089000000000055,60760746,21,21,16,2,3,60751151,60569194
2000,8192,narrow_features,1024,128,matrix,0,3,2.329632709006546,0.7568059999999992,60767466,133,133,128,2,3,60757892,60575915
2000,8192,baseline,1024,1024,rows,0,3,0.8944381250039442,0.3519919999999992,60760746,21,21,16,2,3,60751151,60569194
2000,8192,narrow_features,1024,128,rows,0,3,1.9317333750077523,0.7027549999999998,60767466,133,133,128,2,3,60757892,60575915
2000,8192,baseline,1024,1024,matrix,0,4,0.8919822919997387,0.32578700000000005,60760746,21,21,16,2,3,60751151,60569194
2000,8192,narrow_features,1024,128,rows,0,4,1.7813179579970893,0.6170739999999988,60767466,133,133,128,2,3,60757892,60575915
2000,8192,baseline,1024,1024,features,0,4,0.46340441700886004,0.21476999999999968,60760746,13,13,8,2,3,30466325,30284368
2000,8192,narrow_features,1024,128,features,0,4,0.13306637499772478,0.07157500000000105,60767466,19,19,14,2,3,6807444,6625467
2000,8192,narrow_features,1024,128,matrix,0,4,1.5031971670105122,0.5649230000000021,60767466,133,133,128,2,3,60757892,60575915
2000,8192,baseline,1024,1024,rows,0,4,2.0662674579943996,0.46241999999999805,60760746,21,21,16,2,3,60751151,60569194
2000,8192,narrow_features,1024,128,features,0,5,0.11652262500138022,0.06951700000000116,60767466,19,19,14,2,3,6807444,6625467
2000,8192,baseline,1024,1024,features,0,5,0.2665807500015944,0.16967700000000008,60760746,13,13,8,2,3,30466325,30284368
2000,8192,narrow_features,1024,128,matrix,0,5,1.4819278749928344,0.5572510000000008,60767466,133,133,128,2,3,60757892,60575915
2000,8192,baseline,1024,1024,rows,0,5,1.4332371249911375,0.42060499999999834,60760746,21,21,16,2,3,60751151,60569194
2000,8192,baseline,1024,1024,matrix,0,5,0.49218745798862074,0.3263980000000011,60760746,21,21,16,2,3,60751151,60569194
2000,8192,narrow_features,1024,128,rows,0,5,1.4525375420053024,0.5580940000000005,60767466,133,133,128,2,3,60757892,60575915
2000,8192,baseline,1024,1024,matrix,0,6,1.4434039999905508,0.4489079999999994,60760746,21,21,16,2,3,60751151,60569194
2000,8192,narrow_features,1024,128,matrix,0,6,1.4633727909968002,0.5659869999999998,60767466,133,133,128,2,3,60757892,60575915
2000,8192,baseline,1024,1024,features,0,6,0.7256455839960836,0.2026609999999991,60760746,13,13,8,2,3,30466325,30284368
2000,8192,narrow_features,1024,128,features,0,6,0.42008241699659266,0.15586300000000008,60767466,19,19,14,2,3,6807444,6625467
2000,8192,baseline,1024,1024,rows,0,6,1.1640462080104044,0.4000249999999994,60760746,21,21,16,2,3,60751151,60569194
2000,8192,narrow_features,1024,128,rows,0,6,1.4990790000010747,0.5602389999999993,60767466,133,133,128,2,3,60757892,60575915
2000,8192,baseline,1024,1024,features,20,0,0.9645105410018004,0.21154500000000098,60760746,13,13,8,2,3,30466325,30284368
2000,8192,narrow_features,1024,128,rows,20,0,9.419928582996363,0.794785000000001,60767466,133,133,128,2,3,60757892,60575915
2000,8192,baseline,1024,1024,matrix,20,0,1.727507957999478,0.36608799999999775,60760746,21,21,16,2,3,60751151,60569194
2000,8192,narrow_features,1024,128,features,20,0,1.1943455840082606,0.1341220000000014,60767466,19,19,14,2,3,6807444,6625467
2000,8192,narrow_features,1024,128,matrix,20,0,9.784264040994458,0.790814000000001,60767466,133,133,128,2,3,60757892,60575915
2000,8192,baseline,1024,1024,rows,20,0,1.62533650000114,0.3831400000000009,60760746,21,21,16,2,3,60751151,60569194
2000,8192,baseline,1024,1024,matrix,20,1,2.056238207995193,0.44831800000000044,60760746,21,21,16,2,3,60751151,60569194
2000,8192,baseline,1024,1024,features,20,1,1.1869404579920229,0.2503670000000007,60760746,13,13,8,2,3,30466325,30284368
2000,8192,baseline,1024,1024,rows,20,1,1.8213180000020657,0.37413700000000105,60760746,21,21,16,2,3,60751151,60569194
2000,8192,narrow_features,1024,128,rows,20,1,9.483495207998203,0.7941029999999998,60767466,133,133,128,2,3,60757892,60575915
2000,8192,narrow_features,1024,128,matrix,20,1,9.41115762499976,0.786016,60767466,133,133,128,2,3,60757892,60575915
2000,8192,narrow_features,1024,128,features,20,1,1.0339096670068102,0.08185100000000034,60767466,19,19,14,2,3,6807444,6625467
2000,8192,narrow_features,1024,128,features,20,2,1.1671684580069268,0.09285900000000069,60767466,19,19,14,2,3,6807444,6625467
2000,8192,baseline,1024,1024,rows,20,2,1.8515987080027116,0.39606600000000114,60760746,21,21,16,2,3,60751151,60569194
2000,8192,narrow_features,1024,128,rows,20,2,9.3100185420044,0.8040680000000009,60767466,133,133,128,2,3,60757892,60575915
2000,8192,baseline,1024,1024,features,20,2,0.8722608750103973,0.18310599999999866,60760746,13,13,8,2,3,30466325,30284368
2000,8192,baseline,1024,1024,matrix,20,2,1.919570708007086,0.41962600000000094,60760746,21,21,16,2,3,60751151,60569194
2000,8192,narrow_features,1024,128,matrix,20,2,9.353612417005934,0.7821670000000012,60767466,133,133,128,2,3,60757892,60575915
2000,8192,baseline,1024,1024,rows,20,3,1.9481011250027223,0.4174030000000002,60760746,21,21,16,2,3,60751151,60569194
2000,8192,baseline,1024,1024,matrix,20,3,1.6964875830017263,0.4001820000000009,60760746,21,21,16,2,3,60751151,60569194
2000,8192,narrow_features,1024,128,rows,20,3,9.82204279198777,0.7939249999999944,60767466,133,133,128,2,3,60757892,60575915
2000,8192,baseline,1024,1024,features,20,3,1.1667537500034086,0.23622999999999905,60760746,13,13,8,2,3,30466325,30284368
2000,8192,narrow_features,1024,128,features,20,3,1.0717523749917746,0.08468900000000446,60767466,19,19,14,2,3,6807444,6625467
2000,8192,narrow_features,1024,128,matrix,20,3,9.691215583006851,0.8007149999999967,60767466,133,133,128,2,3,60757892,60575915
2000,8192,baseline,1024,1024,matrix,20,4,1.8148839170025894,0.3927010000000024,60760746,21,21,16,2,3,60751151,60569194
2000,8192,narrow_features,1024,128,rows,20,4,9.562873125003534,0.8146800000000027,60767466,133,133,128,2,3,60757892,60575915
2000,8192,baseline,1024,1024,rows,20,4,1.676761125010671,0.3689189999999982,60760746,21,21,16,2,3,60751151,60569194
2000,8192,baseline,1024,1024,features,20,4,0.9703101250051986,0.19657399999999825,60760746,13,13,8,2,3,30466325,30284368
2000,8192,narrow_features,1024,128,features,20,4,1.133283292001579,0.08499299999999721,60767466,19,19,14,2,3,6807444,6625467
2000,8192,narrow_features,1024,128,matrix,20,4,9.202540958009195,0.6806100000000015,60767466,133,133,128,2,3,60757892,60575915
2000,8192,narrow_features,1024,128,rows,20,5,9.454011916997842,0.7337849999999975,60767466,133,133,128,2,3,60757892,60575915
2000,8192,baseline,1024,1024,matrix,20,5,1.7446529580047354,0.39336099999999874,60760746,21,21,16,2,3,60751151,60569194
2000,8192,narrow_features,1024,128,matrix,20,5,9.585580625003786,0.7981809999999996,60767466,133,133,128,2,3,60757892,60575915
2000,8192,baseline,1024,1024,features,20,5,0.889040499998373,0.18097499999999656,60760746,13,13,8,2,3,30466325,30284368
2000,8192,baseline,1024,1024,rows,20,5,2.0115371660067467,0.4252479999999963,60760746,21,21,16,2,3,60751151,60569194
2000,8192,narrow_features,1024,128,features,20,5,1.0062576250056736,0.08092700000000264,60767466,19,19,14,2,3,6807444,6625467
2000,8192,narrow_features,1024,128,features,20,6,1.0965327500016429,0.0940169999999938,60767466,19,19,14,2,3,6807444,6625467
2000,8192,baseline,1024,1024,matrix,20,6,1.847210541003733,0.4137540000000044,60760746,21,21,16,2,3,60751151,60569194
2000,8192,baseline,1024,1024,rows,20,6,1.7780417920002947,0.38431099999999674,60760746,21,21,16,2,3,60751151,60569194
2000,8192,baseline,1024,1024,features,20,6,1.0549747079930967,0.2189300000000003,60760746,13,13,8,2,3,30466325,30284368
2000,8192,narrow_features,1024,128,rows,20,6,9.420318707998376,0.7811039999999991,60767466,133,133,128,2,3,60757892,60575915
2000,8192,narrow_features,1024,128,matrix,20,6,9.382859416000429,0.7727220000000017,60767466,133,133,128,2,3,60757892,60575915
