backend,layout,dimensions,operation,operation_parameter,median_seconds,q25_seconds,q75_seconds,time_ratio,artifact_bytes,artifact_megabytes,artifact_size_ratio,repetitions
parquet,fixed_array,256,feature_projection,8,0.0016815830022096634,0.0015682915000070352,0.0016972704979707487,1.0342634001961115,2691514,2.691514,0.92289329228254,3
parquet,wide,256,feature_projection,8,0.0016258749965345487,0.0016181664977921173,0.0016450414987048134,,2916387,2.916387,,3
parquet,fixed_array,256,full_read,all,0.0014555839952663518,0.0013548339957196731,0.0016150214978551958,0.4322821738787934,2691514,2.691514,0.92289329228254,3
parquet,wide,256,full_read,all,0.003367208002600819,0.0032934789996943437,0.0035153540047758725,,2916387,2.916387,,3
parquet,fixed_array,256,matrix_materialization,all,0.0016052499995566905,0.0015974999987520278,0.0016489374975208193,0.3116233923264045,2691514,2.691514,0.92289329228254,3
parquet,wide,256,matrix_materialization,all,0.0051512499994714744,0.005040166499384213,0.005171332999452716,,2916387,2.916387,,3
parquet,fixed_array,256,random_rows,128,0.0014247090002754703,0.0013926460014772601,0.0014430004994210321,0.2914781985307266,2691514,2.691514,0.92289329228254,3
parquet,wide,256,random_rows,128,0.004887875002168585,0.004845458501222311,0.004929896000248846,,2916387,2.916387,,3
parquet,fixed_array,256,vector_norm,l2,0.001582417004101444,0.0015028125017124694,0.0016404790003434755,0.3325366054308639,2691514,2.691514,0.92289329228254,3
parquet,wide,256,vector_norm,l2,0.0047586250002495944,0.0047395414985658135,0.004761395997775253,,2916387,2.916387,,3
parquet,fixed_array,256,write,all,0.012153832998592407,0.011227604001760483,0.012566687000798993,0.544735041448748,2691514,2.691514,0.92289329228254,3
parquet,wide,256,write,all,0.022311458000331186,0.02226114550285274,0.022724333000951447,,2916387,2.916387,,3
parquet,fixed_array,512,feature_projection,8,0.0023937920050229877,0.002382917002250906,0.002545313000155147,0.8491132330596977,4744374,4.744374,0.8155445247223387,3
parquet,wide,512,feature_projection,8,0.002819166998961009,0.002781937499094056,0.0029851875005988404,,5817431,5.817431,,3
parquet,fixed_array,512,full_read,all,0.0022471250049420632,0.0022046460035198834,0.0022574795038963202,0.3599815977279728,4744374,4.744374,0.8155445247223387,3
parquet,wide,512,full_read,all,0.006242332994588651,0.006147291496745311,0.006294396000157576,,5817431,5.817431,,3
parquet,fixed_array,512,matrix_materialization,all,0.0027565829950617626,0.0027018954970117193,0.0027979374972346704,0.30009614926401296,4744374,4.744374,0.8155445247223387,3
parquet,wide,512,matrix_materialization,all,0.009185666000121273,0.0091733955014206,0.009193354002491105,,5817431,5.817431,,3
parquet,fixed_array,512,random_rows,128,0.002446750004310161,0.0024241249993792735,0.0024652500032971147,0.25590273281155435,4744374,4.744374,0.8155445247223387,3
parquet,wide,512,random_rows,128,0.009561250000842847,0.009519312501652166,0.009622083500289591,,5817431,5.817431,,3
parquet,fixed_array,512,vector_norm,l2,0.002605458998004906,0.002549958499002969,0.002637562996824272,0.2735270275028415,4744374,4.744374,0.8155445247223387,3
parquet,wide,512,vector_norm,l2,0.009525417000986636,0.009520103998511331,0.009543583499180386,,5817431,5.817431,,3
parquet,fixed_array,512,write,all,0.014347625001391862,0.014234062502509914,0.015836291502637323,0.32975623049696345,4744374,4.744374,0.8155445247223387,3
parquet,wide,512,write,all,0.04350979200535221,0.043356063000828726,0.04358958350348985,,5817431,5.817431,,3
parquet,fixed_array,1024,feature_projection,8,0.004898790997685865,0.004889374496997334,0.005240582999249455,0.9477173921430955,8850093,8.850093,0.7616566451778476,3
parquet,wide,1024,feature_projection,8,0.005169041993212886,0.005155437498615356,0.005214145996433217,,11619531,11.619531,,3
parquet,fixed_array,1024,full_read,all,0.004844959003094118,0.004635750003217254,0.00508950050061685,0.3730203389108267,8850093,8.850093,0.7616566451778476,3
parquet,wide,1024,full_read,all,0.01298845799465198,0.012656853999942541,0.01309089549613418,,11619531,11.619531,,3
parquet,fixed_array,1024,matrix_materialization,all,0.0057594169993535616,0.005538208501093322,0.006335666497761849,0.3295670196044428,8850093,8.850093,0.7616566451778476,3
parquet,wide,1024,matrix_materialization,all,0.0174757079948904,0.01738204149660305,0.01777868749559275,,11619531,11.619531,,3
parquet,fixed_array,1024,random_rows,128,0.0050150410024798475,0.0049890410009538755,0.0051451040017127525,0.29214965647898733,8850093,8.850093,0.7616566451778476,3
parquet,wide,1024,random_rows,128,0.01716599999781465,0.016836812497786013,0.017203999999765074,,11619531,11.619531,,3
parquet,fixed_array,1024,vector_norm,l2,0.00513429100101348,0.005102145500131883,0.005220645500230603,0.29333218996458477,8850093,8.850093,0.7616566451778476,3
parquet,wide,1024,vector_norm,l2,0.017503333001513965,0.017296979000093415,0.01761872900169692,,11619531,11.619531,,3
parquet,fixed_array,1024,write,all,0.021133000002009794,0.0209176460011804,0.02148187499915366,0.2399749044439236,8850093,8.850093,0.7616566451778476,3
parquet,wide,1024,write,all,0.08806337500573136,0.0869805205038574,0.09692700000232435,,11619531,11.619531,,3
parquet,fixed_array,2048,feature_projection,8,0.00882287500280654,0.008799750001344364,0.009087229002034292,0.856600201666138,17063958,17.063958,0.7347647042005013,3
parquet,wide,2048,feature_projection,8,0.010299875000782777,0.010211229000560706,0.010325396000553155,,23223704,23.223704,,3
parquet,fixed_array,2048,full_read,all,0.007818040998245124,0.0078045830014161766,0.007844791496609105,0.31174276760754,17063958,17.063958,0.7347647042005013,3
parquet,wide,2048,full_read,all,0.025078500002564397,0.024620895503176143,0.0257954789994983,,23223704,23.223704,,3
parquet,fixed_array,2048,matrix_materialization,all,0.01108720800402807,0.0099432915012585,0.011324541501380736,0.3175512075276355,17063958,17.063958,0.7347647042005013,3
parquet,wide,2048,matrix_materialization,all,0.03491470900189597,0.03357645850337576,0.03523893750025309,,23223704,23.223704,,3
parquet,fixed_array,2048,random_rows,128,0.009474790997046512,0.009408165999047924,0.009480124495894415,0.2707579557247676,17063958,17.063958,0.7347647042005013,3
parquet,wide,2048,random_rows,128,0.03499358300177846,0.03392599950166186,0.035613541502243606,,23223704,23.223704,,3
parquet,fixed_array,2048,vector_norm,l2,0.009952500004146714,0.009820770999795059,0.00995537500057253,0.27335430418756923,17063958,17.063958,0.7347647042005013,3
parquet,wide,2048,vector_norm,l2,0.03640879200247582,0.03617870850212057,0.036430229502002476,,23223704,23.223704,,3
parquet,fixed_array,2048,write,all,0.03103829199972097,0.030079416999797104,0.0316153125022538,0.16245896004253915,17063958,17.063958,0.7347647042005013,3
parquet,wide,2048,write,all,0.1910531249959604,0.18560495849669678,0.1984470834977401,,23223704,23.223704,,3
parquet,fixed_array,4096,feature_projection,8,0.018978416002937593,0.018587999500596197,0.019054541502555367,0.9829895978095393,33491676,33.491676,0.7213041232345329,3
parquet,wide,4096,feature_projection,8,0.019306832997244783,0.018935082996904384,0.01962208349868888,,46432115,46.432115,,3
parquet,fixed_array,4096,full_read,all,0.017985124999540858,0.017266499999095686,0.01853264599776594,0.36606407868565705,33491676,33.491676,0.7213041232345329,3
parquet,wide,4096,full_read,all,0.04913108400069177,0.04838739600018016,0.049149187998409616,,46432115,46.432115,,3
parquet,fixed_array,4096,matrix_materialization,all,0.017480415997852106,0.017466936998971505,0.01782566649853834,0.27007591591159996,33491676,33.491676,0.7213041232345329,3
parquet,wide,4096,matrix_materialization,all,0.06472408300032839,0.06432806250086287,0.06523291649864404,,46432115,46.432115,,3
parquet,fixed_array,4096,random_rows,128,0.017966666993743274,0.01783550049731275,0.01942004149532295,0.28147501017657095,33491676,33.491676,0.7213041232345329,3
parquet,wide,4096,random_rows,128,0.06383041600201977,0.06371293700067326,0.06461560349998763,,46432115,46.432115,,3
parquet,fixed_array,4096,vector_norm,l2,0.01922529099829262,0.019169395498465747,0.019228020501032006,0.2962130873922286,33491676,33.491676,0.7213041232345329,3
parquet,wide,4096,vector_norm,l2,0.06490358399605611,0.06472022950038081,0.06500208349825698,,46432115,46.432115,,3
parquet,fixed_array,4096,write,all,0.09177787500084378,0.08835302100123954,0.10654987500311108,0.22512125683692502,33491676,33.491676,0.7213041232345329,3
parquet,wide,4096,write,all,0.40768195900454884,0.3990440215020499,0.412811750502442,,46432115,46.432115,,3
parquet,fixed_array,8192,feature_projection,8,0.03422787499584956,0.033899104499141686,0.03558214599615894,0.8653153962202512,66347041,66.347041,0.7145695654533987,3
parquet,wide,8192,feature_projection,8,0.03955537500587525,0.03917685400301707,0.03989772900240496,,92848960,92.84896,,3
parquet,fixed_array,8192,full_read,all,0.032502957998076454,0.032447583002067404,0.035218916498706676,0.3279873436177519,66347041,66.347041,0.7145695654533987,3
parquet,wide,8192,full_read,all,0.0990982079965761,0.0968778749993362,0.10028345799946692,,92848960,92.84896,,3
parquet,fixed_array,8192,matrix_materialization,all,0.03566349999891827,0.03544193749985425,0.03585150000071735,0.25664271859447574,66347041,66.347041,0.7145695654533987,3
parquet,wide,8192,matrix_materialization,all,0.13896166699851165,0.13701833349841763,0.14085345849889563,,92848960,92.84896,,3
parquet,fixed_array,8192,random_rows,128,0.03797708300407976,0.03774302100282512,0.039742083004966844,0.2829043727968345,66347041,66.347041,0.7145695654533987,3
parquet,wide,8192,random_rows,128,0.1342399999994086,0.13288172899774509,0.13740397899891832,,92848960,92.84896,,3
parquet,fixed_array,8192,vector_norm,l2,0.037369084006058984,0.037361729504482355,0.03902006250427803,0.2768578456310451,66347041,66.347041,0.7145695654533987,3
parquet,wide,8192,vector_norm,l2,0.1349757089992636,0.1336719794999226,0.13506372949996148,,92848960,92.84896,,3
parquet,fixed_array,8192,write,all,0.26602170799742453,0.26090539549841196,0.2665789374987071,0.21939594648097444,66347041,66.347041,0.7145695654533987,3
parquet,wide,8192,write,all,1.212518792002811,1.2083536670033936,1.2511366460021236,,92848960,92.84896,,3
