backend,layout,dataset,rows,dimensions,dtype,operation,operation_parameter,threads,compression,median_seconds,q25_seconds,q75_seconds,artifact_bytes,repetitions,wide_median_seconds,wide_artifact_bytes,time_ratio,artifact_size_ratio
csv,delimited_array,synthetic,2000,256,float32,feature_projection,8,1,none,0.05324625000503147,0.05259535400182358,0.05411529200137011,6288896,3,0.012945416005095467,5646895,4.113135490128175,1.1136909753058981
csv,delimited_array,synthetic,2000,256,float32,full_read,all,1,none,0.029231957996671554,0.02922174999912386,0.02931839549637516,6288896,3,0.02667404200474266,5646895,1.0958953274300947,1.1136909753058981
csv,delimited_array,synthetic,2000,256,float32,matrix_materialization,all,1,none,0.052820375000010245,0.05238664599892218,0.05351739599791472,6288896,3,0.028109291997679975,5646895,1.8791072718718713,1.1136909753058981
csv,delimited_array,synthetic,2000,256,float32,random_rows,128,1,none,0.05130937499779975,0.05100250000032247,0.05138527049712138,6288896,3,0.027045375005400274,5646895,1.8971589407636082,1.1136909753058981
csv,delimited_array,synthetic,2000,256,float32,vector_norm,l2,1,none,0.051484041003277525,0.05110145800063037,0.05153799950130633,6288896,3,0.02784912499919301,5646895,1.8486771489147107,1.1136909753058981
csv,delimited_array,synthetic,2000,256,float32,write,all,1,none,0.2617867090011714,0.26163766700119595,0.2643352920022153,6288896,3,0.15951966599823209,5646895,1.6410936379723409,1.1136909753058981
csv,delimited_array,synthetic,2000,512,float32,feature_projection,8,1,none,0.10270837500138441,0.10239200000069104,0.10371370800203294,12519456,3,0.020978832995751873,11235573,4.895809744144607,1.1142694725048736
csv,delimited_array,synthetic,2000,512,float32,full_read,all,1,none,0.05671216700284276,0.05591489599828492,0.05975075000242214,12519456,3,0.05298366599890869,11235573,1.0703707630198873,1.1142694725048736
csv,delimited_array,synthetic,2000,512,float32,matrix_materialization,all,1,none,0.10448458299651975,0.10398727099891403,0.10723470799712231,12519456,3,0.052225958002964035,11235573,2.000625493372277,1.1142694725048736
csv,delimited_array,synthetic,2000,512,float32,random_rows,128,1,none,0.10604099999909522,0.1052585414981877,0.10607308349790401,12519456,3,0.05217854199872818,11235573,2.0322721934560746,1.1142694725048736
csv,delimited_array,synthetic,2000,512,float32,vector_norm,l2,1,none,0.10159970799577422,0.10069689599549747,0.10321239549739403,12519456,3,0.05244041699916124,11235573,1.9374313518025468,1.1142694725048736
csv,delimited_array,synthetic,2000,512,float32,write,all,1,none,0.5084099169980618,0.5071664374991087,0.5087767085024097,12519456,3,0.30818112500128336,11235573,1.6497114059011388,1.1142694725048736
csv,delimited_array,synthetic,2000,1024,float32,feature_projection,8,1,none,0.202451666998968,0.20242097899972578,0.2026548335015832,24980262,3,0.04328145800536731,22411293,4.677561161961366,1.1146283259961842
csv,delimited_array,synthetic,2000,1024,float32,full_read,all,1,none,0.11212316699675284,0.1116006459997152,0.11504704199978733,24980262,3,0.11414399999921443,22411293,0.98229575796822,1.1146283259961842
csv,delimited_array,synthetic,2000,1024,float32,matrix_materialization,all,1,none,0.20313487500243355,0.20245725000131642,0.20330127100169193,24980262,3,0.1043423340015579,22411293,1.9468116843102303,1.1146283259961842
csv,delimited_array,synthetic,2000,1024,float32,random_rows,128,1,none,0.2045429999998305,0.20306968750082888,0.2057511249986419,24980262,3,0.1039687909942586,22411293,1.9673499907402583,1.1146283259961842
csv,delimited_array,synthetic,2000,1024,float32,vector_norm,l2,1,none,0.20625358399411198,0.20618466699670535,0.20816129199738498,24980262,3,0.10362066699599382,22411293,1.990467635207233,1.1146283259961842
csv,delimited_array,synthetic,2000,1024,float32,write,all,1,none,1.0417322080029408,1.029204041500634,1.057585979000578,24980262,3,0.6367061250057304,22411293,1.6361271976040204,1.1146283259961842
csv,delimited_array,synthetic,2000,2048,float32,feature_projection,8,1,none,0.41083500000240747,0.4101372085024195,0.4115478540006734,49902261,3,0.07920416699926136,44764121,5.187037697224173,1.1147825509630804
csv,delimited_array,synthetic,2000,2048,float32,full_read,all,1,none,0.22606716599693755,0.22506233299645828,0.23026493699944695,49902261,3,0.217617500005872,44764121,1.0388280629583446,1.1147825509630804
csv,delimited_array,synthetic,2000,2048,float32,matrix_materialization,all,1,none,0.4046491250046529,0.40331985450029606,0.409645604002435,49902261,3,0.21587562499917112,44764121,1.874454908960688,1.1147825509630804
csv,delimited_array,synthetic,2000,2048,float32,random_rows,128,1,none,0.4130752909986768,0.4080108329981158,0.4136045204977563,49902261,3,0.2157957079980406,44764121,1.9141960460234337,1.1147825509630804
csv,delimited_array,synthetic,2000,2048,float32,vector_norm,l2,1,none,0.41864224999881117,0.41432774999702815,0.4194783954990271,49902261,3,0.22378775000106543,44764121,1.8707111984316303,1.1147825509630804
csv,delimited_array,synthetic,2000,2048,float32,write,all,1,none,2.00399775000551,1.9994900625024457,2.0059256040040054,49902261,3,1.2632883330006734,44764121,1.5863344081120725,1.1147825509630804
csv,delimited_array,synthetic,2000,4096,float32,feature_projection,8,1,none,0.8256953750023968,0.8183915835033986,0.828312375000678,99747818,3,0.1554890420011361,89471792,5.3103123176767895,1.1148521312728374
csv,delimited_array,synthetic,2000,4096,float32,full_read,all,1,none,0.44980049999867333,0.44795408350182697,0.45450679149871576,99747818,3,0.5048572500018054,89471792,0.890945905990386,1.1148521312728374
csv,delimited_array,synthetic,2000,4096,float32,matrix_materialization,all,1,none,0.8107972500001779,0.8071916250009963,0.8258525835008186,99747818,3,0.5005111249993206,89471792,1.619938517852682,1.1148521312728374
csv,delimited_array,synthetic,2000,4096,float32,random_rows,128,1,none,0.8237922500047716,0.8219306040045922,0.8293076250010927,99747818,3,0.5060118340043118,89471792,1.6280098500576805,1.1148521312728374
csv,delimited_array,synthetic,2000,4096,float32,vector_norm,l2,1,none,0.8274863750048098,0.8218137295007182,0.8290471875043295,99747818,3,0.49961804100166773,89471792,1.656237980009308,1.1148521312728374
csv,delimited_array,synthetic,2000,4096,float32,write,all,1,none,4.110129542001232,4.085295562501415,4.111463000001095,99747818,3,2.6817187499982538,89471792,1.5326475015338235,1.1148521312728374
csv,delimited_array,synthetic,2000,8192,float32,feature_projection,8,1,none,1.6966314999954193,1.6926364794999245,1.705128124995099,199439279,3,0.30472991699934937,178889674,5.567656489727071,1.1148730641657942
csv,delimited_array,synthetic,2000,8192,float32,full_read,all,1,none,0.9078504580029403,0.9064241040032357,0.9080148125030973,199439279,3,1.2759123330033617,178889674,0.7115304355323199,1.1148730641657942
csv,delimited_array,synthetic,2000,8192,float32,matrix_materialization,all,1,none,1.6461446249959408,1.6379637289974198,1.6474334169979556,199439279,3,1.3078752090004855,178889674,1.2586404373043896,1.1148730641657942
csv,delimited_array,synthetic,2000,8192,float32,random_rows,128,1,none,1.6908625419964665,1.6843376044998877,1.7191250629985007,199439279,3,1.2668597909942036,178889674,1.3346879852185654,1.1148730641657942
csv,delimited_array,synthetic,2000,8192,float32,vector_norm,l2,1,none,1.6562105830016662,1.6541629165003542,1.6587168125006428,199439279,3,1.305758832997526,178889674,1.268389338940665,1.1148730641657942
csv,delimited_array,synthetic,2000,8192,float32,write,all,1,none,8.315296042004775,8.292754229500133,8.364530354003364,199439279,3,5.780984624994744,178889674,1.438387503411209,1.1148730641657942
csv,json_array,synthetic,2000,256,float32,feature_projection,8,1,none,0.10912000000098487,0.10911968750224332,0.1110811040016415,10121371,3,0.012945416005095467,5646895,8.429238578198952,1.792378112219193
csv,json_array,synthetic,2000,256,float32,full_read,all,1,none,0.04284183400159236,0.04261333349859342,0.04305160449803225,10121371,3,0.02667404200474266,5646895,1.606124560873641,1.792378112219193
csv,json_array,synthetic,2000,256,float32,matrix_materialization,all,1,none,0.11048250000021653,0.11025693749979837,0.1105789579996781,10121371,3,0.028109291997679975,5646895,3.930461856148326,1.792378112219193
csv,json_array,synthetic,2000,256,float32,random_rows,128,1,none,0.10951191700587515,0.10884616650218959,0.1100455835039611,10121371,3,0.027045375005400274,5646895,4.049192033166794,1.792378112219193
csv,json_array,synthetic,2000,256,float32,vector_norm,l2,1,none,0.11021262500435114,0.10921625000264612,0.11041645850127679,10121371,3,0.02784912499919301,5646895,3.957489688007964,1.792378112219193
csv,json_array,synthetic,2000,256,float32,write,all,1,none,0.207418999998481,0.20551645799787366,0.20763991700005135,10121371,3,0.15951966599823209,5646895,1.3002722811667609,1.792378112219193
csv,json_array,synthetic,2000,512,float32,feature_projection,8,1,none,0.21969791700394126,0.21896147950246814,0.22015293750155251,20176642,3,0.020978832995751873,11235573,10.472361215155733,1.795782199982146
csv,json_array,synthetic,2000,512,float32,full_read,all,1,none,0.0895486669978709,0.0874239584991301,0.08956135449989233,20176642,3,0.05298366599890869,11235573,1.690118365907624,1.795782199982146
csv,json_array,synthetic,2000,512,float32,matrix_materialization,all,1,none,0.22686008299933746,0.22351572899788152,0.23180891649826663,20176642,3,0.052225958002964035,11235573,4.343818508536736,1.795782199982146
csv,json_array,synthetic,2000,512,float32,random_rows,128,1,none,0.21987379100028193,0.2193226665003749,0.22058922849828377,20176642,3,0.05217854199872818,11235573,4.213873799034883,1.795782199982146
csv,json_array,synthetic,2000,512,float32,vector_norm,l2,1,none,0.2230644579976797,0.22244045849947724,0.2232927914992615,20176642,3,0.05244041699916124,11235573,4.2536743748862165,1.795782199982146
csv,json_array,synthetic,2000,512,float32,write,all,1,none,0.4239801660005469,0.41377683300015633,0.4260124579996045,20176642,3,0.30818112500128336,11235573,1.3757499457462923,1.795782199982146
csv,json_array,synthetic,2000,1024,float32,feature_projection,8,1,none,0.4619572080046055,0.4516351040037989,0.4630712915022741,40286867,3,0.04328145800536731,22411293,10.673328240174312,1.797614577614955
csv,json_array,synthetic,2000,1024,float32,full_read,all,1,none,0.17461533399909968,0.1709545835001336,0.1795883960003266,40286867,3,0.11414399999921443,22411293,1.5297811010679618,1.797614577614955
csv,json_array,synthetic,2000,1024,float32,matrix_materialization,all,1,none,0.45556637499976205,0.44839935449999757,0.460056687501492,40286867,3,0.1043423340015579,22411293,4.366074224417485,1.797614577614955
csv,json_array,synthetic,2000,1024,float32,random_rows,128,1,none,0.4457466250023572,0.4424277920006716,0.45356022900159587,40286867,3,0.1039687909942586,22411293,4.287311805202894,1.797614577614955
csv,json_array,synthetic,2000,1024,float32,vector_norm,l2,1,none,0.4428306670015445,0.44130212500385824,0.44298872950093937,40286867,3,0.10362066699599382,22411293,4.2735747591613675,1.797614577614955
csv,json_array,synthetic,2000,1024,float32,write,all,1,none,0.8082517919974634,0.80770589599706,0.8101533334956912,40286867,3,0.6367061250057304,22411293,1.269426757894294,1.797614577614955
csv,json_array,synthetic,2000,2048,float32,feature_projection,8,1,none,0.8930608750015381,0.8891726040019421,0.9059542294999119,80506440,3,0.07920416699926136,44764121,11.27542790785069,1.7984590828891738
csv,json_array,synthetic,2000,2048,float32,full_read,all,1,none,0.34897916699992493,0.3442280419985764,0.3491471460001776,80506440,3,0.217617500005872,44764121,1.603635585329803,1.7984590828891738
csv,json_array,synthetic,2000,2048,float32,matrix_materialization,all,1,none,0.8952904580000904,0.8943760415022552,0.9202519999998913,80506440,3,0.21587562499917112,44764121,4.147251261014429,1.7984590828891738
csv,json_array,synthetic,2000,2048,float32,random_rows,128,1,none,0.9045174999992014,0.8985006045004411,0.9092230209971603,80506440,3,0.2157957079980406,44764121,4.191545366636366,1.7984590828891738
csv,json_array,synthetic,2000,2048,float32,vector_norm,l2,1,none,0.9136575000011362,0.9057624795023003,0.9198378955006774,80506440,3,0.22378775000106543,44764121,4.082696662336461,1.7984590828891738
csv,json_array,synthetic,2000,2048,float32,write,all,1,none,1.6057568340038415,1.6038381670005037,1.609560937500646,80506440,3,1.2632883330006734,44764121,1.27109290259153,1.7984590828891738
csv,json_array,synthetic,2000,4096,float32,feature_projection,8,1,none,1.7691519580039312,1.7672547290021612,1.7820686664999812,160949753,3,0.1554890420011361,89471792,11.377984809958534,1.7988882238996622
csv,json_array,synthetic,2000,4096,float32,full_read,all,1,none,0.6937896659947,0.6912364790005086,0.6945430829982797,160949753,3,0.5048572500018054,89471792,1.3742293806659587,1.7988882238996622
csv,json_array,synthetic,2000,4096,float32,matrix_materialization,all,1,none,1.7768932089966256,1.7754402294995089,1.7972629374999087,160949753,3,0.5005111249993206,89471792,3.5501572697290946,1.7988882238996622
csv,json_array,synthetic,2000,4096,float32,random_rows,128,1,none,1.7699958749944926,1.7689314579947677,1.7779062709960272,160949753,3,0.5060118340043118,89471792,3.49793375579317,1.7988882238996622
csv,json_array,synthetic,2000,4096,float32,vector_norm,l2,1,none,1.7870727080007782,1.7834757499986154,1.8016809790024126,160949753,3,0.49961804100166773,89471792,3.5768778573686713,1.7988882238996622
csv,json_array,synthetic,2000,4096,float32,write,all,1,none,3.230591874998936,3.197149541501858,3.240932166499988,160949753,3,2.6817187499982538,89471792,1.2046721435650325,1.7988882238996622
csv,json_array,synthetic,2000,8192,float32,feature_projection,8,1,none,3.6041092919986113,3.5718323755027086,3.6111225835011282,321836283,3,0.30472991699934937,178889674,11.827224998083487,1.7990769159767153
csv,json_array,synthetic,2000,8192,float32,full_read,all,1,none,1.3783342919996358,1.3759062919998541,1.382605375500134,321836283,3,1.2759123330033617,178889674,1.080273508098463,1.7990769159767153
csv,json_array,synthetic,2000,8192,float32,matrix_materialization,all,1,none,3.5887117500024033,3.5584900210014894,3.605319104502996,321836283,3,1.3078752090004855,178889674,2.7439252042593547,1.7990769159767153
csv,json_array,synthetic,2000,8192,float32,random_rows,128,1,none,3.5325299999967683,3.5304654789979395,3.5579462294954283,321836283,3,1.2668597909942036,178889674,2.7884143337002723,1.7990769159767153
csv,json_array,synthetic,2000,8192,float32,vector_norm,l2,1,none,3.532249415999104,3.531833353499678,3.551486083000782,321836283,3,1.305758832997526,178889674,2.7051315501273705,1.7990769159767153
csv,json_array,synthetic,2000,8192,float32,write,all,1,none,6.855118999999831,6.693958604002546,6.873581728999852,321836283,3,5.780984624994744,178889674,1.1858047451572429,1.7990769159767153
duckdb,duckdb_array,synthetic,2000,256,float32,feature_projection,8,1,duckdb_default,0.0047082500022952445,0.004679354504332878,0.004711979501735186,4211202,3,0.0054678750020684674,4730880,0.8610749149375468,0.8901519379058441
duckdb,duckdb_array,synthetic,2000,256,float32,full_read,all,1,duckdb_default,0.006755417001841124,0.006582417001482099,0.007007937500020489,4211202,3,0.008690709000802599,4730880,0.7773148314156246,0.8901519379058441
duckdb,duckdb_array,synthetic,2000,256,float32,matrix_materialization,all,1,duckdb_default,0.007757375002256595,0.0075519585006986745,0.007761854001728352,4211202,3,0.008640416999696754,4730880,0.8978009976288007,0.8901519379058441
duckdb,duckdb_array,synthetic,2000,256,float32,random_rows,128,1,duckdb_default,0.0071164580003824085,0.007096562501828885,0.007130750000214903,4211202,3,0.00901908399828244,4730880,0.7890444308687711,0.8901519379058441
duckdb,duckdb_array,synthetic,2000,256,float32,vector_norm,l2,1,duckdb_default,0.006952832998649683,0.006942374999198364,0.007067187001666753,4211202,3,0.008887709002010524,4730880,0.7822975523925069,0.8901519379058441
duckdb,duckdb_array,synthetic,2000,256,float32,write,all,1,duckdb_default,0.05204624999896623,0.0509033125017595,0.05403356250099023,4211202,3,0.060714083003404085,4730880,0.857235215033193,0.8901519379058441
duckdb,duckdb_array,synthetic,2000,512,float32,feature_projection,8,1,duckdb_default,0.005815042000904214,0.0057573960002628155,0.005841958500241162,7885826,3,0.006850792000477668,8663040,0.8488131008062664,0.9102839188091016
duckdb,duckdb_array,synthetic,2000,512,float32,full_read,all,1,duckdb_default,0.008693541996763088,0.008310749995871447,0.008791937998466892,7885826,3,0.014149082999210805,8663040,0.6144244116207381,0.9102839188091016
duckdb,duckdb_array,synthetic,2000,512,float32,matrix_materialization,all,1,duckdb_default,0.01203275000443682,0.010934416503005195,0.017327895999187604,7885826,3,0.014063000002352055,8663040,0.8556317999306213,0.9102839188091016
duckdb,duckdb_array,synthetic,2000,512,float32,random_rows,128,1,duckdb_default,0.009341874996607658,0.00920735399631667,0.009345957998448284,7885826,3,0.013472665996232536,8663040,0.6933946851514019,0.9102839188091016
duckdb,duckdb_array,synthetic,2000,512,float32,vector_norm,l2,1,duckdb_default,0.009121540999331046,0.009078124498046236,0.009165103998384438,7885826,3,0.01379179200012004,8663040,0.661374605943278,0.9102839188091016
duckdb,duckdb_array,synthetic,2000,512,float32,write,all,1,duckdb_default,0.10433158300293144,0.09975399999893853,0.11171618750449852,7885826,3,0.12102958299510647,8663040,0.8620337311015095,0.9102839188091016
duckdb,duckdb_array,synthetic,2000,1024,float32,feature_projection,8,1,duckdb_default,0.007523166997998487,0.007483791498088976,0.007597854499181267,14972930,3,0.01025787500111619,17313792,0.7334040429601519,0.8647978444005796
duckdb,duckdb_array,synthetic,2000,1024,float32,full_read,all,1,duckdb_default,0.012182124999526422,0.01150856250023935,0.012290499998925952,14972930,3,0.02612862500245683,17313792,0.466236742208247,0.8647978444005796
duckdb,duckdb_array,synthetic,2000,1024,float32,matrix_materialization,all,1,duckdb_default,0.0129488329985179,0.012814604000595864,0.013226499999291264,14972930,3,0.024922791999415495,17313792,0.519557880947752,0.8647978444005796
duckdb,duckdb_array,synthetic,2000,1024,float32,random_rows,128,1,duckdb_default,0.012509833999502007,0.012451395999960368,0.012673646499024471,14972930,3,0.02573458300321363,17313792,0.4861098389641608,0.8647978444005796
duckdb,duckdb_array,synthetic,2000,1024,float32,vector_norm,l2,1,duckdb_default,0.012613667000550777,0.012580417002027389,0.012642333498661174,14972930,3,0.02476758400007384,17313792,0.5092812847839002,0.8647978444005796
duckdb,duckdb_array,synthetic,2000,1024,float32,write,all,1,duckdb_default,0.17687062500044703,0.1748399794996658,0.17759899999873596,14972930,3,0.23089466599776642,17313792,0.7660230011643405,0.8647978444005796
duckdb,duckdb_array,synthetic,2000,2048,float32,feature_projection,8,1,duckdb_default,0.011362042001564987,0.01135762500052806,0.011416187502618413,29671426,3,0.016048749996116385,34091008,0.7079705275684693,0.8703593041308723
duckdb,duckdb_array,synthetic,2000,2048,float32,full_read,all,1,duckdb_default,0.01713041600305587,0.016667374500684673,0.017747291502018925,29671426,3,0.048687041002267506,34091008,0.35184754814444474,0.8703593041308723
duckdb,duckdb_array,synthetic,2000,2048,float32,matrix_materialization,all,1,duckdb_default,0.019246125004428905,0.018818083502992522,0.019624916501925327,29671426,3,0.0479821249973611,34091008,0.4011103094222566,0.8703593041308723
duckdb,duckdb_array,synthetic,2000,2048,float32,random_rows,128,1,duckdb_default,0.018952250000438653,0.01889408349961741,0.01901762499983306,29671426,3,0.04744504100381164,34091008,0.3994569210914175,0.8703593041308723
duckdb,duckdb_array,synthetic,2000,2048,float32,vector_norm,l2,1,duckdb_default,0.019394916998862755,0.019285291997221066,0.019524396000633715,29671426,3,0.04822175000299467,34091008,0.40220267820347233,0.8703593041308723
duckdb,duckdb_array,synthetic,2000,2048,float32,write,all,1,duckdb_default,0.3449519169953419,0.3390170834973105,0.3479081249970477,29671426,3,0.44650220799667295,34091008,0.7725648626532934,0.8703593041308723
duckdb,duckdb_array,synthetic,2000,4096,float32,feature_projection,8,1,duckdb_default,0.017493874998763204,0.01741747899723123,0.017606937497475883,59068418,3,0.028173375001642853,67907584,0.620936433698238,0.8698353633078744
duckdb,duckdb_array,synthetic,2000,4096,float32,full_read,all,1,duckdb_default,0.02712979100033408,0.026794645498739555,0.028436166499886895,59068418,3,0.10192629099765327,67907584,0.26617068800196714,0.8698353633078744
duckdb,duckdb_array,synthetic,2000,4096,float32,matrix_materialization,all,1,duckdb_default,0.0314034589973744,0.030996729496109765,0.031567729500238784,59068418,3,0.10127670899964869,67907584,0.3100758240227112,0.8698353633078744
duckdb,duckdb_array,synthetic,2000,4096,float32,random_rows,128,1,duckdb_default,0.029766291998384986,0.02975539599719923,0.029788791500322986,59068418,3,0.10673495800438104,67907584,0.2788804395010227,0.8698353633078744
duckdb,duckdb_array,synthetic,2000,4096,float32,vector_norm,l2,1,duckdb_default,0.03140495799743803,0.0313387079986569,0.03149960399969132,59068418,3,0.10273862499889219,67907584,0.3056782003630734,0.8698353633078744
duckdb,duckdb_array,synthetic,2000,4096,float32,write,all,1,duckdb_default,0.7214212089966168,0.717471416999615,0.7253564794991689,59068418,3,0.9704526249988703,67907584,0.7433863234668014,0.8698353633078744
duckdb,duckdb_array,synthetic,2000,8192,float32,feature_projection,8,1,duckdb_default,0.031671166005253326,0.03155441650233115,0.03170974950262462,117338114,3,0.05232883300050162,135278592,0.6052335622495103,0.8673812483205029
duckdb,duckdb_array,synthetic,2000,8192,float32,full_read,all,1,duckdb_default,0.047021042002597824,0.04700187500202446,0.04720462500335998,117338114,3,0.246689541003434,135278592,0.1906081701369872,0.8673812483205029
duckdb,duckdb_array,synthetic,2000,8192,float32,matrix_materialization,all,1,duckdb_default,0.05356370800291188,0.05344635400251718,0.05356625000058557,117338114,3,0.2442396250044112,135278592,0.21930801769755612,0.8673812483205029
duckdb,duckdb_array,synthetic,2000,8192,float32,random_rows,128,1,duckdb_default,0.055356625001877546,0.05456727050113841,0.05576775000008638,117338114,3,0.2417308750009397,135278592,0.22900105334770476,0.8673812483205029
duckdb,duckdb_array,synthetic,2000,8192,float32,vector_norm,l2,1,duckdb_default,0.05672966700512916,0.05666291700254078,0.056838188003894174,117338114,3,0.24428879100014456,135278592,0.2322237822409772,0.8673812483205029
duckdb,duckdb_array,synthetic,2000,8192,float32,write,all,1,duckdb_default,1.6519512090017088,1.6200425835013448,1.68601422950087,117338114,3,2.2925404169945978,135278592,0.7205767003084428,0.8673812483205029
lance,fixed_array,synthetic,2000,256,float32,feature_projection,8,1,lance_default,0.0012611250058398582,0.0011745835035981145,0.001297396003792528,2098131,3,0.0025071250056498684,2269093,0.5030164044464802,0.9246562392991384
lance,fixed_array,synthetic,2000,256,float32,full_read,all,1,lance_default,0.0015467499979422428,0.0013432295017992146,0.0015948749969538767,2098131,3,0.006217333997483365,2269093,0.24878026475147255,0.9246562392991384
lance,fixed_array,synthetic,2000,256,float32,matrix_materialization,all,1,lance_default,0.0016045830052462406,0.0014823120000073686,0.001670500001637265,2098131,3,0.01983124999969732,2269093,0.080911843946838,0.9246562392991384
lance,fixed_array,synthetic,2000,256,float32,random_rows,128,1,lance_default,0.0014232500034268014,0.0013064375016256236,0.0015265420006471686,2098131,3,0.019715374997758772,2269093,0.07218985201085931,0.9246562392991384
lance,fixed_array,synthetic,2000,256,float32,vector_norm,l2,1,lance_default,0.0011514590005390346,0.0011386459991626907,0.001163270997494692,2098131,3,0.031366875002277084,2269093,0.0367093948777315,0.9246562392991384
lance,fixed_array,synthetic,2000,256,float32,write,all,1,lance_default,0.007648708000488114,0.007604729002196109,0.012484312501328532,2098131,3,0.01893220799684059,2269093,0.4040050691268832,0.9246562392991384
lance,fixed_array,synthetic,2000,512,float32,feature_projection,8,1,lance_default,0.0013050420020590536,0.0012964380002813414,0.001340812501439359,4150744,3,0.00338437499885913,4493735,0.3856079785777233,0.9236735143483094
lance,fixed_array,synthetic,2000,512,float32,full_read,all,1,lance_default,0.0013046660023974255,0.0012908745011372957,0.0013213124984758906,4150744,3,0.012031042002490722,4493735,0.10844164637837084,0.9236735143483094
lance,fixed_array,synthetic,2000,512,float32,matrix_materialization,all,1,lance_default,0.0017813330050557852,0.0017626665030547883,0.0018793745039147325,4150744,3,0.059616541999275796,4493735,0.02987984450821425,0.9236735143483094
lance,fixed_array,synthetic,2000,512,float32,random_rows,128,1,lance_default,0.0013411670006462373,0.0012607505013875198,0.0015455419998033904,4150744,3,0.0589596670033643,4493735,0.02274719429079728,0.9236735143483094
lance,fixed_array,synthetic,2000,512,float32,vector_norm,l2,1,lance_default,0.0013832499971613288,0.0013542289998440538,0.0014821459953964222,4150744,3,0.05789870799344499,4493735,0.023890861214345815,0.9236735143483094
lance,fixed_array,synthetic,2000,512,float32,write,all,1,lance_default,0.008441541998763569,0.0083279999998922,0.00965658349741716,4150744,3,0.02878712500387337,4493735,0.293240189759406,0.9236735143483094
lance,fixed_array,synthetic,2000,1024,float32,feature_projection,8,1,lance_default,0.0017939589961315505,0.0017924169987963978,0.001804979496228043,8255964,3,0.00601283299329225,8943015,0.29835503466217034,0.9231745669665096
lance,fixed_array,synthetic,2000,1024,float32,full_read,all,1,lance_default,0.0016699160041753203,0.0016469785041408613,0.0017887080030050129,8255964,3,0.02719249999790918,8943015,0.0614109039001092,0.9231745669665096
lance,fixed_array,synthetic,2000,1024,float32,matrix_materialization,all,1,lance_default,0.002672292001079768,0.002631437499076128,0.0027008750003005844,8255964,3,0.20387516699702246,8943015,0.013107491414679238,0.9231745669665096
lance,fixed_array,synthetic,2000,1024,float32,random_rows,128,1,lance_default,0.0019844159978674725,0.0019725829988601618,0.0019974784991063643,8255964,3,0.19942512499983422,8943015,0.009950681980864358,0.9231745669665096
lance,fixed_array,synthetic,2000,1024,float32,vector_norm,l2,1,lance_default,0.0030032089998712763,0.0027960420011368115,0.0030110629995760974,8255964,3,0.2009611660032533,8943015,0.014944225591439184,0.9231745669665096
lance,fixed_array,synthetic,2000,1024,float32,write,all,1,lance_default,0.009440540998184588,0.009144520499830833,0.011614166498475242,8255964,3,0.06240554200485349,8943015,0.15127728555663159,0.9231745669665096
lance,fixed_array,synthetic,2000,2048,float32,feature_projection,8,1,lance_default,0.003024833000381477,0.0030099579998932313,0.003084625001065433,16466405,3,0.011789708005380817,17841574,0.25656555692481486,0.9229233362482481
lance,fixed_array,synthetic,2000,2048,float32,full_read,all,1,lance_default,0.002716791997954715,0.0026793959987116978,0.0028029585009790026,16466405,3,0.0668383329975768,17841574,0.04064721359901677,0.9229233362482481
lance,fixed_array,synthetic,2000,2048,float32,matrix_materialization,all,1,lance_default,0.0037132919969735667,0.003635937497165287,0.003872999997838633,16466405,3,0.7285123330002534,17841574,0.005097088722823688,0.9229233362482481
lance,fixed_array,synthetic,2000,2048,float32,random_rows,128,1,lance_default,0.0033432909986004233,0.0032732914987718686,0.00335193749924656,16466405,3,0.7260464999999385,17841574,0.004604789085273059,0.9229233362482481
lance,fixed_array,synthetic,2000,2048,float32,vector_norm,l2,1,lance_default,0.003985875002399553,0.003955062504246598,0.0039976250009203795,16466405,3,0.7311663750006119,17841574,0.005451392649718358,0.9229233362482481
lance,fixed_array,synthetic,2000,2048,float32,write,all,1,lance_default,0.02300558300339617,0.019211749502574094,0.024273854003695305,16466405,3,0.10165362499537878,17841575,0.22631345418761026,0.922923284519444
lance,fixed_array,synthetic,2000,4096,float32,feature_projection,8,1,lance_default,0.004220625000016298,0.004150708500674227,0.0042606665010680445,32887269,3,0.029969458999403287,35638694,0.14083087052390014,0.9227966939529265
lance,fixed_array,synthetic,2000,4096,float32,full_read,all,1,lance_default,0.0034081250050803646,0.003371833503479138,0.0034636040036275517,32887269,3,0.18289033400651533,35638694,0.018634801142410035,0.9227966939529265
lance,fixed_array,synthetic,2000,4096,float32,matrix_materialization,all,1,lance_default,0.004712999994808342,0.0046427704983216245,0.005213583495788043,32887269,3,2.805363166000461,35638694,0.0016799963911722534,0.9227966939529265
lance,fixed_array,synthetic,2000,4096,float32,random_rows,128,1,lance_default,0.004374542004370596,0.0043014790026063565,0.004447041999810608,32887269,3,2.8236357910063816,35638694,0.0015492585900433891,0.9227966939529265
lance,fixed_array,synthetic,2000,4096,float32,vector_norm,l2,1,lance_default,0.005878541000129189,0.00584220800010371,0.005896541500987951,32887269,3,2.7805846670016763,35638694,0.0021141384651552656,0.9227966939529265
lance,fixed_array,synthetic,2000,4096,float32,write,all,1,lance_default,0.04173258400260238,0.04108781299873954,0.04327685449970886,32887270,3,0.24384112499683397,35638695,0.17114661853345794,0.9227966961192041
lance,fixed_array,synthetic,2000,8192,float32,feature_projection,8,1,lance_default,0.006940791005035862,0.006934500004717847,0.0069419165010913275,65728998,3,0.09000616599951172,71232940,0.07711461684828921,0.9227331905716653
lance,fixed_array,synthetic,2000,8192,float32,full_read,all,1,lance_default,0.005041999997047242,0.005014687496441184,0.00509870849782601,65728998,3,0.5633454999988317,71232940,0.008950102551733702,0.9227331905716653
lance,fixed_array,synthetic,2000,8192,float32,matrix_materialization,all,1,lance_default,0.007476375001715496,0.0073731664997467306,0.008322437501192326,65728998,3,11.162239917000988,71232940,0.0006697916419381361,0.9227331905716653
lance,fixed_array,synthetic,2000,8192,float32,random_rows,128,1,lance_default,0.006724833001499064,0.006622729000810068,0.00689924999824143,65728998,3,11.162137208004424,71232940,0.0006024682259484011,0.9227331905716653
lance,fixed_array,synthetic,2000,8192,float32,vector_norm,l2,1,lance_default,0.009976542001822963,0.00996685399877606,0.010266583500197157,65728998,3,11.283335583000735,71232940,0.0008841837529722539,0.9227331905716653
lance,fixed_array,synthetic,2000,8192,float32,write,all,1,lance_default,0.16329645799851278,0.1559831455015228,0.17856922899954952,65728998,3,0.8878385409989278,71232941,0.18392584964241823,0.9227331776179226
parquet,fixed_array,synthetic,2000,256,float32,feature_projection,8,1,snappy,0.0016815830022096634,0.0015682915000070352,0.0016972704979707487,2691514,3,0.0016258749965345487,2916387,1.0342634001961115,0.92289329228254
parquet,fixed_array,synthetic,2000,256,float32,full_read,all,1,snappy,0.0014555839952663518,0.0013548339957196731,0.0016150214978551958,2691514,3,0.003367208002600819,2916387,0.4322821738787934,0.92289329228254
parquet,fixed_array,synthetic,2000,256,float32,matrix_materialization,all,1,snappy,0.0016052499995566905,0.0015974999987520278,0.0016489374975208193,2691514,3,0.0051512499994714744,2916387,0.3116233923264045,0.92289329228254
parquet,fixed_array,synthetic,2000,256,float32,random_rows,128,1,snappy,0.0014247090002754703,0.0013926460014772601,0.0014430004994210321,2691514,3,0.004887875002168585,2916387,0.2914781985307266,0.92289329228254
parquet,fixed_array,synthetic,2000,256,float32,vector_norm,l2,1,snappy,0.001582417004101444,0.0015028125017124694,0.0016404790003434755,2691514,3,0.0047586250002495944,2916387,0.3325366054308639,0.92289329228254
parquet,fixed_array,synthetic,2000,256,float32,write,all,1,snappy,0.012153832998592407,0.011227604001760483,0.012566687000798993,2691514,3,0.022311458000331186,2916387,0.544735041448748,0.92289329228254
parquet,fixed_array,synthetic,2000,512,float32,feature_projection,8,1,snappy,0.0023937920050229877,0.002382917002250906,0.002545313000155147,4744374,3,0.002819166998961009,5817431,0.8491132330596977,0.8155445247223387
parquet,fixed_array,synthetic,2000,512,float32,full_read,all,1,snappy,0.0022471250049420632,0.0022046460035198834,0.0022574795038963202,4744374,3,0.006242332994588651,5817431,0.3599815977279728,0.8155445247223387
parquet,fixed_array,synthetic,2000,512,float32,matrix_materialization,all,1,snappy,0.0027565829950617626,0.0027018954970117193,0.0027979374972346704,4744374,3,0.009185666000121273,5817431,0.30009614926401296,0.8155445247223387
parquet,fixed_array,synthetic,2000,512,float32,random_rows,128,1,snappy,0.002446750004310161,0.0024241249993792735,0.0024652500032971147,4744374,3,0.009561250000842847,5817431,0.25590273281155435,0.8155445247223387
parquet,fixed_array,synthetic,2000,512,float32,vector_norm,l2,1,snappy,0.002605458998004906,0.002549958499002969,0.002637562996824272,4744374,3,0.009525417000986636,5817431,0.2735270275028415,0.8155445247223387
parquet,fixed_array,synthetic,2000,512,float32,write,all,1,snappy,0.014347625001391862,0.014234062502509914,0.015836291502637323,4744374,3,0.04350979200535221,5817431,0.32975623049696345,0.8155445247223387
parquet,fixed_array,synthetic,2000,1024,float32,feature_projection,8,1,snappy,0.004898790997685865,0.004889374496997334,0.005240582999249455,8850093,3,0.005169041993212886,11619531,0.9477173921430955,0.7616566451778476
parquet,fixed_array,synthetic,2000,1024,float32,full_read,all,1,snappy,0.004844959003094118,0.004635750003217254,0.00508950050061685,8850093,3,0.01298845799465198,11619531,0.3730203389108267,0.7616566451778476
parquet,fixed_array,synthetic,2000,1024,float32,matrix_materialization,all,1,snappy,0.0057594169993535616,0.005538208501093322,0.006335666497761849,8850093,3,0.0174757079948904,11619531,0.3295670196044428,0.7616566451778476
parquet,fixed_array,synthetic,2000,1024,float32,random_rows,128,1,snappy,0.0050150410024798475,0.0049890410009538755,0.0051451040017127525,8850093,3,0.01716599999781465,11619531,0.29214965647898733,0.7616566451778476
parquet,fixed_array,synthetic,2000,1024,float32,vector_norm,l2,1,snappy,0.00513429100101348,0.005102145500131883,0.005220645500230603,8850093,3,0.017503333001513965,11619531,0.29333218996458477,0.7616566451778476
parquet,fixed_array,synthetic,2000,1024,float32,write,all,1,snappy,0.021133000002009794,0.0209176460011804,0.02148187499915366,8850093,3,0.08806337500573136,11619531,0.2399749044439236,0.7616566451778476
parquet,fixed_array,synthetic,2000,2048,float32,feature_projection,8,1,snappy,0.00882287500280654,0.008799750001344364,0.009087229002034292,17063958,3,0.010299875000782777,23223704,0.856600201666138,0.7347647042005013
parquet,fixed_array,synthetic,2000,2048,float32,full_read,all,1,snappy,0.007818040998245124,0.0078045830014161766,0.007844791496609105,17063958,3,0.025078500002564397,23223704,0.31174276760754,0.7347647042005013
parquet,fixed_array,synthetic,2000,2048,float32,matrix_materialization,all,1,snappy,0.01108720800402807,0.0099432915012585,0.011324541501380736,17063958,3,0.03491470900189597,23223704,0.3175512075276355,0.7347647042005013
parquet,fixed_array,synthetic,2000,2048,float32,random_rows,128,1,snappy,0.009474790997046512,0.009408165999047924,0.009480124495894415,17063958,3,0.03499358300177846,23223704,0.2707579557247676,0.7347647042005013
parquet,fixed_array,synthetic,2000,2048,float32,vector_norm,l2,1,snappy,0.009952500004146714,0.009820770999795059,0.00995537500057253,17063958,3,0.03640879200247582,23223704,0.27335430418756923,0.7347647042005013
parquet,fixed_array,synthetic,2000,2048,float32,write,all,1,snappy,0.03103829199972097,0.030079416999797104,0.0316153125022538,17063958,3,0.1910531249959604,23223704,0.16245896004253915,0.7347647042005013
parquet,fixed_array,synthetic,2000,4096,float32,feature_projection,8,1,snappy,0.018978416002937593,0.018587999500596197,0.019054541502555367,33491676,3,0.019306832997244783,46432115,0.9829895978095393,0.7213041232345329
parquet,fixed_array,synthetic,2000,4096,float32,full_read,all,1,snappy,0.017985124999540858,0.017266499999095686,0.01853264599776594,33491676,3,0.04913108400069177,46432115,0.36606407868565705,0.7213041232345329
parquet,fixed_array,synthetic,2000,4096,float32,matrix_materialization,all,1,snappy,0.017480415997852106,0.017466936998971505,0.01782566649853834,33491676,3,0.06472408300032839,46432115,0.27007591591159996,0.7213041232345329
parquet,fixed_array,synthetic,2000,4096,float32,random_rows,128,1,snappy,0.017966666993743274,0.01783550049731275,0.01942004149532295,33491676,3,0.06383041600201977,46432115,0.28147501017657095,0.7213041232345329
parquet,fixed_array,synthetic,2000,4096,float32,vector_norm,l2,1,snappy,0.01922529099829262,0.019169395498465747,0.019228020501032006,33491676,3,0.06490358399605611,46432115,0.2962130873922286,0.7213041232345329
parquet,fixed_array,synthetic,2000,4096,float32,write,all,1,snappy,0.09177787500084378,0.08835302100123954,0.10654987500311108,33491676,3,0.40768195900454884,46432115,0.22512125683692502,0.7213041232345329
parquet,fixed_array,synthetic,2000,8192,float32,feature_projection,8,1,snappy,0.03422787499584956,0.033899104499141686,0.03558214599615894,66347041,3,0.03955537500587525,92848960,0.8653153962202512,0.7145695654533987
parquet,fixed_array,synthetic,2000,8192,float32,full_read,all,1,snappy,0.032502957998076454,0.032447583002067404,0.035218916498706676,66347041,3,0.0990982079965761,92848960,0.3279873436177519,0.7145695654533987
parquet,fixed_array,synthetic,2000,8192,float32,matrix_materialization,all,1,snappy,0.03566349999891827,0.03544193749985425,0.03585150000071735,66347041,3,0.13896166699851165,92848960,0.25664271859447574,0.7145695654533987
parquet,fixed_array,synthetic,2000,8192,float32,random_rows,128,1,snappy,0.03797708300407976,0.03774302100282512,0.039742083004966844,66347041,3,0.1342399999994086,92848960,0.2829043727968345,0.7145695654533987
parquet,fixed_array,synthetic,2000,8192,float32,vector_norm,l2,1,snappy,0.037369084006058984,0.037361729504482355,0.03902006250427803,66347041,3,0.1349757089992636,92848960,0.2768578456310451,0.7145695654533987
parquet,fixed_array,synthetic,2000,8192,float32,write,all,1,snappy,0.26602170799742453,0.26090539549841196,0.2665789374987071,66347041,3,1.212518792002811,92848960,0.21939594648097444,0.7145695654533987
vortex,fixed_array,synthetic,2000,256,float32,feature_projection,8,1,none,0.00046520800242433324,0.000445853998826351,0.00046608300181105733,1829214,3,0.0036949999994249083,2127360,0.1259020304456667,0.8598516471119133
vortex,fixed_array,synthetic,2000,256,float32,full_read,all,1,none,0.0003973749990109354,0.00038095849959063344,0.0004007085008197464,1829214,3,0.003851499997836072,2127360,0.10317408781882298,0.8598516471119133
vortex,fixed_array,synthetic,2000,256,float32,matrix_materialization,all,1,none,0.0004418340031406842,0.0004326880007283762,0.0004923545020574238,1829214,3,0.005182666995096952,2127360,0.08525224629687381,0.8598516471119133
vortex,fixed_array,synthetic,2000,256,float32,random_rows,128,1,none,0.00039629100501770154,0.00039333300082944334,0.00040058300510281697,1829214,3,0.004998874996090308,2127360,0.07927603817411846,0.8598516471119133
vortex,fixed_array,synthetic,2000,256,float32,vector_norm,l2,1,none,0.0005065420045866631,0.0005040210016886704,0.0005083545038360171,1829214,3,0.004851333003898617,2127360,0.10441295293058568,0.8598516471119133
vortex,fixed_array,synthetic,2000,256,float32,write,all,1,none,0.0058929169972543605,0.005348853999748826,0.006007604497426655,1829214,3,0.0852829580035177,2127360,0.06909841233475149,0.8598516471119133
vortex,fixed_array,synthetic,2000,512,float32,feature_projection,8,1,none,0.0007691659993724898,0.0007642289965588134,0.0007725830000708811,3639838,3,0.007295499999599997,4237192,0.10543019661636106,0.8590212574742896
vortex,fixed_array,synthetic,2000,512,float32,full_read,all,1,none,0.0005656659996020608,0.0005630204977933317,0.000571770502574509,3639838,3,0.008073707998846658,4237192,0.07006272702491434,0.8590212574742896
vortex,fixed_array,synthetic,2000,512,float32,matrix_materialization,all,1,none,0.0008856249987729825,0.0008564170020690653,0.0008902294975996483,3639838,3,0.009619000004022382,4237192,0.09207038137047928,0.8590212574742896
vortex,fixed_array,synthetic,2000,512,float32,random_rows,128,1,none,0.0007389589954982512,0.0007261044993356336,0.0007497919978050049,3639838,3,0.009341833996586502,4237192,0.07910213302529955,0.8590212574742896
vortex,fixed_array,synthetic,2000,512,float32,vector_norm,l2,1,none,0.0008383339954889379,0.0008312919999298174,0.0008774589987297077,3639838,3,0.00925983299384825,4237192,0.0905344616955709,0.8590212574742896
vortex,fixed_array,synthetic,2000,512,float32,write,all,1,none,0.0067634579972946085,0.0062987704986881,0.007152207999752136,3639838,3,0.14858524999726797,4237192,0.04551904039882134,0.8590212574742896
vortex,fixed_array,synthetic,2000,1024,float32,feature_projection,8,1,none,0.0011172919985256158,0.0010656044978532009,0.0011441040005593095,7259710,3,0.015848333001486026,8454144,0.0704990233623216,0.8587161515110223
vortex,fixed_array,synthetic,2000,1024,float32,full_read,all,1,none,0.0007439170003635809,0.0007311045010283124,0.0007593334994453471,7259710,3,0.016478917001222726,8454144,0.04514356133405992,0.8587161515110223
vortex,fixed_array,synthetic,2000,1024,float32,matrix_materialization,all,1,none,0.00144779199763434,0.0013416250003501773,0.0022667709999950603,7259710,3,0.02084024999930989,8454144,0.06947095153284066,0.8587161515110223
vortex,fixed_array,synthetic,2000,1024,float32,random_rows,128,1,none,0.0010424169959151186,0.0010218544994131662,0.0011113129985460546,7259710,3,0.020742583001265302,8454144,0.05025492706725729,0.8587161515110223
vortex,fixed_array,synthetic,2000,1024,float32,vector_norm,l2,1,none,0.0017115840018959716,0.001648042001761496,0.0017431250016670674,7259710,3,0.023528500001702923,8454144,0.07274513894944822,0.8587161515110223
vortex,fixed_array,synthetic,2000,1024,float32,write,all,1,none,0.012784790997102391,0.012098332997993566,0.01324152049710392,7259710,3,0.34870612500526477,8454144,0.03666351142214484,0.8587161515110223
vortex,fixed_array,synthetic,2000,2048,float32,feature_projection,8,1,none,0.0018595839937916026,0.001813083996239584,0.0019191464962204918,14500782,3,0.03021404200262623,16891656,0.061547011605728424,0.8584582825982249
vortex,fixed_array,synthetic,2000,2048,float32,full_read,all,1,none,0.002228457997262012,0.0019058959987887647,0.0023370624985545874,14500782,3,0.03280345800158102,16891656,0.0679336305689055,0.8584582825982249
vortex,fixed_array,synthetic,2000,2048,float32,matrix_materialization,all,1,none,0.00266837499657413,0.002485603999957675,0.0030110829975456,14500782,3,0.03874325000651879,16891656,0.06887328750492432,0.8584582825982249
vortex,fixed_array,synthetic,2000,2048,float32,random_rows,128,1,none,0.0027452080030343495,0.002707062001718441,0.0029183745027694385,14500782,3,0.03755241700127954,16891656,0.0731033638378273,0.8584582825982249
vortex,fixed_array,synthetic,2000,2048,float32,vector_norm,l2,1,none,0.002890167001169175,0.002845145998435328,0.002894937999371905,14500782,3,0.035922082999604754,16891656,0.08045655373606744,0.8584582825982249
vortex,fixed_array,synthetic,2000,2048,float32,write,all,1,none,0.020993334001104813,0.018477416997484397,0.024754667003435316,14500782,3,0.6951452089997474,16891656,0.03019992618709459,0.8584582825982249
vortex,fixed_array,synthetic,2000,4096,float32,feature_projection,8,1,none,0.002786915996694006,0.002772749499854399,0.0028208124967932235,28978254,3,0.0662663330003852,33764920,0.04205628817091487,0.8582355296562231
vortex,fixed_array,synthetic,2000,4096,float32,full_read,all,1,none,0.0022050409970688634,0.0021206245000939816,0.0022136869956739247,28978254,3,0.060349375002260786,33764920,0.03653792598492128,0.8582355296562231
vortex,fixed_array,synthetic,2000,4096,float32,matrix_materialization,all,1,none,0.0031040829999255948,0.0031040620015119202,0.003763666500162799,28978254,3,0.07813708300091093,33764920,0.03972611826179136,0.8582355296562231
vortex,fixed_array,synthetic,2000,4096,float32,random_rows,128,1,none,0.0028094160006730817,0.0027815414978249464,0.002833145499607781,28978254,3,0.08225729200057685,33764920,0.03415400546681478,0.8582355296562231
vortex,fixed_array,synthetic,2000,4096,float32,vector_norm,l2,1,none,0.004429624998010695,0.004376187498564832,0.004482833501242567,28978254,3,0.08212179200199898,33764920,0.05393970211832287,0.8582355296562231
vortex,fixed_array,synthetic,2000,4096,float32,write,all,1,none,0.033349167002597824,0.029730313002801267,0.036441750002268236,28978254,3,1.2660035840017372,33764920,0.02634207945698206,0.8582355296562231
vortex,fixed_array,synthetic,2000,8192,float32,feature_projection,8,1,none,0.005199499995796941,0.005105041494971374,0.005321416996594053,57941254,3,0.13436554199870443,67507664,0.03869667712758585,0.8582914970957964
vortex,fixed_array,synthetic,2000,8192,float32,full_read,all,1,none,0.0039297920011449605,0.003916562502126908,0.004349791499407729,57941254,3,0.13745841699710581,67507664,0.028588951386132305,0.8582914970957964
vortex,fixed_array,synthetic,2000,8192,float32,matrix_materialization,all,1,none,0.0053687919935327955,0.005162437497347128,0.0064909789980447385,57941254,3,0.17304908399819396,67507664,0.031024677331368176,0.8582914970957964
vortex,fixed_array,synthetic,2000,8192,float32,random_rows,128,1,none,0.005029250001825858,0.0050017915018543135,0.0051019790007558186,57941254,3,0.1712963750032941,67507664,0.029359932466341707,0.8582914970957964
vortex,fixed_array,synthetic,2000,8192,float32,vector_norm,l2,1,none,0.008290375000797212,0.0079989999976533,0.008384646000195062,57941254,3,0.17291320799995447,67507664,0.04794529635237232,0.8582914970957964
vortex,fixed_array,synthetic,2000,8192,float32,write,all,1,none,0.04381141700287117,0.04313579199879314,0.04477391700129374,57941254,3,2.505069042003015,67507664,0.017489105596802324,0.8582914970957964
