backend,layout,dataset,rows,dimensions,dtype,operation,operation_parameter,threads,compression,median_seconds,q25_seconds,q75_seconds,artifact_bytes,repetitions
arrow_ipc,fixed_array,synthetic,2000,16,float32,feature_projection,8,1,none,6.116589065641165e-05,5.931244231760502e-05,6.149942055344582e-05,205396,3
arrow_ipc,fixed_array,synthetic,2000,16,float32,full_read,all,1,none,6.049999501556158e-05,5.2729505114257336e-05,6.185402162373066e-05,205396,3
arrow_ipc,fixed_array,synthetic,2000,16,float32,matrix_materialization,all,1,none,5.479203537106514e-05,5.422905087471008e-05,6.268802098929882e-05,205396,3
arrow_ipc,fixed_array,synthetic,2000,16,float32,random_rows,128,1,none,6.737501826137304e-05,6.200000643730164e-05,8.520850678905845e-05,205396,3
arrow_ipc,fixed_array,synthetic,2000,16,float32,vector_norm,l2,1,none,7.391697727143764e-05,7.331249071285129e-05,7.637497037649155e-05,205396,3
arrow_ipc,fixed_array,synthetic,2000,16,float32,write,all,1,none,0.0008386250119656324,0.0007744999602437019,0.0010980000370182097,205396,3
arrow_ipc,fixed_array,synthetic,2000,64,float32,feature_projection,8,1,none,9.241700172424316e-05,8.752098074182868e-05,0.0001024794764816761,590260,3
arrow_ipc,fixed_array,synthetic,2000,64,float32,full_read,all,1,none,6.983394268900156e-05,6.516696885228157e-05,8.520897245034575e-05,590260,3
arrow_ipc,fixed_array,synthetic,2000,64,float32,matrix_materialization,all,1,none,0.00011208304204046726,9.33330156840384e-05,0.0001342085306532681,590260,3
arrow_ipc,fixed_array,synthetic,2000,64,float32,random_rows,128,1,none,7.395795546472073e-05,7.364602060988545e-05,8.856249041855335e-05,590260,3
arrow_ipc,fixed_array,synthetic,2000,64,float32,vector_norm,l2,1,none,0.00011983292642980814,0.00011839543003588915,0.00012314546620473266,590260,3
arrow_ipc,fixed_array,synthetic,2000,64,float32,write,all,1,none,0.0008000420639291406,0.0007608545711264014,0.0009187915711663663,590260,3
arrow_ipc,fixed_array,synthetic,2000,128,float32,feature_projection,8,1,none,0.0001409579999744892,0.00013262499123811722,0.00015402049757540226,1103412,3
arrow_ipc,fixed_array,synthetic,2000,128,float32,full_read,all,1,none,0.00011158396955579519,0.00010697951074689627,0.00011487497249618173,1103412,3
arrow_ipc,fixed_array,synthetic,2000,128,float32,matrix_materialization,all,1,none,0.00015487498603761196,0.00014547898899763823,0.00016299996059387922,1103412,3
arrow_ipc,fixed_array,synthetic,2000,128,float32,random_rows,128,1,none,0.00012687500566244125,0.00011922948760911822,0.0001372499973513186,1103412,3
arrow_ipc,fixed_array,synthetic,2000,128,float32,vector_norm,l2,1,none,0.00019049993716180325,0.00019024999346584082,0.00019183341646566987,1103412,3
arrow_ipc,fixed_array,synthetic,2000,128,float32,write,all,1,none,0.004298499901778996,0.0028904169448651373,0.005170541990082711,1103412,3
arrow_ipc,wide,synthetic,2000,16,float32,feature_projection,8,1,none,0.00015899993013590574,0.00015522894682362676,0.00016627094009891152,212498,3
arrow_ipc,wide,synthetic,2000,16,float32,full_read,all,1,none,7.349997758865356e-05,7.062498480081558e-05,8.789548883214593e-05,212498,3
arrow_ipc,wide,synthetic,2000,16,float32,matrix_materialization,all,1,none,0.00023179198615252972,0.00022693799110129476,0.00023666699416935444,212498,3
arrow_ipc,wide,synthetic,2000,16,float32,random_rows,128,1,none,0.0002103749429807067,0.0002000209642574191,0.00021566642681136727,212498,3
arrow_ipc,wide,synthetic,2000,16,float32,vector_norm,l2,1,none,0.0002296658931300044,0.00022131198784336448,0.0002327289548702538,212498,3
arrow_ipc,wide,synthetic,2000,16,float32,write,all,1,none,0.003367917030118406,0.0032142295385710895,0.0034624795080162585,212498,3
arrow_ipc,wide,synthetic,2000,64,float32,feature_projection,8,1,none,0.0002612919779494405,0.00025968748377636075,0.00026470847660675645,616178,3
arrow_ipc,wide,synthetic,2000,64,float32,full_read,all,1,none,0.00013095897156745195,0.00012718746438622475,0.00015310448361560702,616178,3
arrow_ipc,wide,synthetic,2000,64,float32,matrix_materialization,all,1,none,0.0005453329067677259,0.0005119789275340736,0.0005474789650179446,616178,3
arrow_ipc,wide,synthetic,2000,64,float32,random_rows,128,1,none,0.0005884169368073344,0.0005844164988957345,0.0005917290109209716,616178,3
arrow_ipc,wide,synthetic,2000,64,float32,vector_norm,l2,1,none,0.0005724160000681877,0.0005688535165973008,0.0005767704569734633,616178,3
arrow_ipc,wide,synthetic,2000,64,float32,write,all,1,none,0.004368250025436282,0.004330583498813212,0.01169318746542558,616178,3
arrow_ipc,wide,synthetic,2000,128,float32,feature_projection,8,1,none,0.00041858304757624865,0.0003964790375903249,0.00044525001430884004,1154418,3
arrow_ipc,wide,synthetic,2000,128,float32,full_read,all,1,none,0.00021724996622651815,0.0001930834841914475,0.0002473959466442466,1154418,3
arrow_ipc,wide,synthetic,2000,128,float32,matrix_materialization,all,1,none,0.001152792014181614,0.0011226045317016542,0.0011716249864548445,1154418,3
arrow_ipc,wide,synthetic,2000,128,float32,random_rows,128,1,none,0.0010389999952167273,0.0010233334614895284,0.001068499987013638,1154418,3
arrow_ipc,wide,synthetic,2000,128,float32,vector_norm,l2,1,none,0.0010628749150782824,0.0010597709915600717,0.0010653959470801055,1154418,3
arrow_ipc,wide,synthetic,2000,128,float32,write,all,1,none,0.007783291977830231,0.007570854038931429,0.00803443748736754,1154418,3
csv,delimited_array,synthetic,2000,16,float32,feature_projection,8,1,none,0.004966125008650124,0.004953895986545831,0.005015250004362315,447397,3
csv,delimited_array,synthetic,2000,16,float32,full_read,all,1,none,0.00279616704210639,0.0027581460308283567,0.0028362920274958014,447397,3
csv,delimited_array,synthetic,2000,16,float32,matrix_materialization,all,1,none,0.0050460409838706255,0.005026103521231562,0.005058374954387546,447397,3
csv,delimited_array,synthetic,2000,16,float32,random_rows,128,1,none,0.005136666004545987,0.005025708000175655,0.0051712910062633455,447397,3
csv,delimited_array,synthetic,2000,16,float32,vector_norm,l2,1,none,0.004970791982486844,0.00495456246426329,0.005013083515223116,447397,3
csv,delimited_array,synthetic,2000,16,float32,write,all,1,none,0.023487166967242956,0.02303768799174577,0.025587458512745798,447397,3
csv,delimited_array,synthetic,2000,64,float32,feature_projection,8,1,none,0.015317791956476867,0.015179041482042521,0.015399333497043699,1616351,3
csv,delimited_array,synthetic,2000,64,float32,full_read,all,1,none,0.008441917016170919,0.008340166532434523,0.008702208520844579,1616351,3
csv,delimited_array,synthetic,2000,64,float32,matrix_materialization,all,1,none,0.015588458976708353,0.015350979520007968,0.015651000489015132,1616351,3
csv,delimited_array,synthetic,2000,64,float32,random_rows,128,1,none,0.015323791885748506,0.0152243334450759,0.015523624955676496,1616351,3
csv,delimited_array,synthetic,2000,64,float32,vector_norm,l2,1,none,0.015529417083598673,0.015333417046349496,0.015702500008046627,1616351,3
csv,delimited_array,synthetic,2000,64,float32,write,all,1,none,0.07641379197593778,0.07507685449672863,0.08303454151609913,1616351,3
csv,delimited_array,synthetic,2000,128,float32,feature_projection,8,1,none,0.02851183305028826,0.02843204152304679,0.028962103999219835,3173636,3
csv,delimited_array,synthetic,2000,128,float32,full_read,all,1,none,0.015071666915901005,0.015065416984725744,0.015590979484841228,3173636,3
csv,delimited_array,synthetic,2000,128,float32,matrix_materialization,all,1,none,0.02890233404468745,0.028731104568578303,0.029193812981247902,3173636,3
csv,delimited_array,synthetic,2000,128,float32,random_rows,128,1,none,0.028644584002904594,0.02849037549458444,0.02910972951212898,3173636,3
csv,delimited_array,synthetic,2000,128,float32,vector_norm,l2,1,none,0.029606000054627657,0.028942291566636413,0.029796729562804103,3173636,3
csv,delimited_array,synthetic,2000,128,float32,write,all,1,none,0.14746429200749844,0.14597243745811284,0.15003797900862992,3173636,3
csv,json_array,synthetic,2000,16,float32,feature_projection,8,1,none,0.008966749999672174,0.008794687513727695,0.008999417012091726,694603,3
csv,json_array,synthetic,2000,16,float32,full_read,all,1,none,0.003793666954152286,0.0037433129618875682,0.0037945209769532084,694603,3
csv,json_array,synthetic,2000,16,float32,matrix_materialization,all,1,none,0.009093915927223861,0.008983124454971403,0.009139395493548363,694603,3
csv,json_array,synthetic,2000,16,float32,random_rows,128,1,none,0.008885917020961642,0.00882979150628671,0.0089399375137873,694603,3
csv,json_array,synthetic,2000,16,float32,vector_norm,l2,1,none,0.009362541954033077,0.009356145979836583,0.009368146013002843,694603,3
csv,json_array,synthetic,2000,16,float32,write,all,1,none,0.018478334066458046,0.018432708515319973,0.01996600005077198,694603,3
csv,json_array,synthetic,2000,64,float32,feature_projection,8,1,none,0.030300666927359998,0.030234770965762436,0.0305278334999457,2580524,3
csv,json_array,synthetic,2000,64,float32,full_read,all,1,none,0.012616208055987954,0.012133229058235884,0.012772541493177414,2580524,3
csv,json_array,synthetic,2000,64,float32,matrix_materialization,all,1,none,0.0316407079808414,0.031069395481608808,0.03177270799642429,2580524,3
csv,json_array,synthetic,2000,64,float32,random_rows,128,1,none,0.03163983300328255,0.030935666523873806,0.03170485404552892,2580524,3
csv,json_array,synthetic,2000,64,float32,vector_norm,l2,1,none,0.033761041006073356,0.032062270503956825,0.03913877054583281,2580524,3
csv,json_array,synthetic,2000,64,float32,write,all,1,none,0.06367204198613763,0.06320054200477898,0.06579697952838615,2580524,3
csv,json_array,synthetic,2000,128,float32,feature_projection,8,1,none,0.059795791981741786,0.05959575000451878,0.0598691045306623,5093753,3
csv,json_array,synthetic,2000,128,float32,full_read,all,1,none,0.024611374945379794,0.02433943742653355,0.024950103950686753,5093753,3
csv,json_array,synthetic,2000,128,float32,matrix_materialization,all,1,none,0.06289437494706362,0.06155593745643273,0.06289760395884514,5093753,3
csv,json_array,synthetic,2000,128,float32,random_rows,128,1,none,0.05907074990682304,0.05886241642292589,0.06040822895010933,5093753,3
csv,json_array,synthetic,2000,128,float32,vector_norm,l2,1,none,0.060988416080363095,0.059886770555749536,0.061116728524211794,5093753,3
csv,json_array,synthetic,2000,128,float32,write,all,1,none,0.11410316708497703,0.1140197505010292,0.11451287555973977,5093753,3
csv,wide,synthetic,2000,16,float32,feature_projection,8,1,none,0.0014528330648317933,0.0014517080271616578,0.0014710830291733146,407256,3
csv,wide,synthetic,2000,16,float32,full_read,all,1,none,0.002495374996215105,0.002466916514094919,0.0025216664653271437,407256,3
csv,wide,synthetic,2000,16,float32,matrix_materialization,all,1,none,0.0019685409497469664,0.001954770472366363,0.001985562441404909,407256,3
csv,wide,synthetic,2000,16,float32,random_rows,128,1,none,0.001887249993160367,0.0018796040094457567,0.0018977710278704762,407256,3
csv,wide,synthetic,2000,16,float32,vector_norm,l2,1,none,0.0019884579814970493,0.0019385619671083987,0.0019953540177084506,407256,3
csv,wide,synthetic,2000,16,float32,write,all,1,none,0.015623750048689544,0.01428162498632446,0.015664062520954758,407256,3
csv,wide,synthetic,2000,64,float32,feature_projection,8,1,none,0.0033685830421745777,0.0033209790708497167,0.003415291488636285,1455697,3
csv,wide,synthetic,2000,64,float32,full_read,all,1,none,0.00747416599188,0.007382541021797806,0.008040041488129646,1455697,3
csv,wide,synthetic,2000,64,float32,matrix_materialization,all,1,none,0.006933916942216456,0.006875916966237128,0.007019625511020422,1455697,3
csv,wide,synthetic,2000,64,float32,random_rows,128,1,none,0.006938250036910176,0.006839812558609992,0.00694229151122272,1455697,3
csv,wide,synthetic,2000,64,float32,vector_norm,l2,1,none,0.006961375009268522,0.00687745853792876,0.006986958032939583,1455697,3
csv,wide,synthetic,2000,64,float32,write,all,1,none,0.044987875036895275,0.044938708015251905,0.04715033352840692,1455697,3
csv,wide,synthetic,2000,128,float32,feature_projection,8,1,none,0.006716125062666833,0.006673937547020614,0.006720229052007198,2852480,3
csv,wide,synthetic,2000,128,float32,full_read,all,1,none,0.014594790991395712,0.014374082966241986,0.014841208001598716,2852480,3
csv,wide,synthetic,2000,128,float32,matrix_materialization,all,1,none,0.01491404208354652,0.014775938063394278,0.015083063044585288,2852480,3
csv,wide,synthetic,2000,128,float32,random_rows,128,1,none,0.014675082988105714,0.01466727047227323,0.015234833001159132,2852480,3
csv,wide,synthetic,2000,128,float32,vector_norm,l2,1,none,0.014239459065720439,0.013759875495452434,0.014255250571295619,2852480,3
csv,wide,synthetic,2000,128,float32,write,all,1,none,0.09103937493637204,0.09042958350619301,0.0913815624662675,2852480,3
duckdb,duckdb_array,synthetic,2000,16,float32,feature_projection,8,1,duckdb_default,0.004726541927084327,0.0047105419798754156,0.004779374983627349,799010,3
duckdb,duckdb_array,synthetic,2000,16,float32,full_read,all,1,duckdb_default,0.005974916974082589,0.005959416972473264,0.006018687970936298,799010,3
duckdb,duckdb_array,synthetic,2000,16,float32,matrix_materialization,all,1,duckdb_default,0.006329542025923729,0.006315395992714912,0.0064409380429424345,799010,3
duckdb,duckdb_array,synthetic,2000,16,float32,random_rows,128,1,duckdb_default,0.006193457986228168,0.005980603978969157,0.006274645507801324,799010,3
duckdb,duckdb_array,synthetic,2000,16,float32,vector_norm,l2,1,duckdb_default,0.006108416011556983,0.006102187500800937,0.006188103987369686,799010,3
duckdb,duckdb_array,synthetic,2000,16,float32,write,all,1,duckdb_default,0.01756462489720434,0.017069228983018547,0.022072541469242424,799010,3
duckdb,duckdb_array,synthetic,2000,64,float32,feature_projection,8,1,duckdb_default,0.004579292028211057,0.004556167055852711,0.0049000210128724575,1324162,3
duckdb,duckdb_array,synthetic,2000,64,float32,full_read,all,1,duckdb_default,0.00625808397307992,0.00623758346773684,0.006355146004352719,1324162,3
duckdb,duckdb_array,synthetic,2000,64,float32,matrix_materialization,all,1,duckdb_default,0.006652957992628217,0.006629979005083442,0.006707374996040016,1324162,3
duckdb,duckdb_array,synthetic,2000,64,float32,random_rows,128,1,duckdb_default,0.0065083339577540755,0.006486812955699861,0.006569854449480772,1324162,3
duckdb,duckdb_array,synthetic,2000,64,float32,vector_norm,l2,1,duckdb_default,0.006440167082473636,0.0063967505120672286,0.0065465415245853364,1324162,3
duckdb,duckdb_array,synthetic,2000,64,float32,write,all,1,duckdb_default,0.02471133298240602,0.024429624958429486,0.027192166482564062,1324162,3
duckdb,duckdb_array,synthetic,2000,128,float32,feature_projection,8,1,duckdb_default,0.0050550829619169235,0.0050474999588914216,0.005107395991217345,2373890,3
duckdb,duckdb_array,synthetic,2000,128,float32,full_read,all,1,duckdb_default,0.006946459063328803,0.00671670853625983,0.007110313046723604,2373890,3
duckdb,duckdb_array,synthetic,2000,128,float32,matrix_materialization,all,1,duckdb_default,0.007155374973081052,0.007149062468670309,0.007558437471743673,2373890,3
duckdb,duckdb_array,synthetic,2000,128,float32,random_rows,128,1,duckdb_default,0.007464708993211389,0.007067187980283052,0.007601292047183961,2373890,3
duckdb,duckdb_array,synthetic,2000,128,float32,vector_norm,l2,1,duckdb_default,0.007225416018627584,0.007203040993772447,0.007391729042865336,2373890,3
duckdb,duckdb_array,synthetic,2000,128,float32,write,all,1,duckdb_default,0.04099312506150454,0.04025618749437854,0.06484720850130543,2373890,3
duckdb,wide,synthetic,2000,16,float32,feature_projection,8,1,duckdb_default,0.00438029202632606,0.004353583499323577,0.004483479482587427,536576,3
duckdb,wide,synthetic,2000,16,float32,full_read,all,1,duckdb_default,0.004737416980788112,0.004709395987447351,0.004923062457237393,536576,3
duckdb,wide,synthetic,2000,16,float32,matrix_materialization,all,1,duckdb_default,0.004508082987740636,0.004418416472617537,0.004668353998567909,536576,3
duckdb,wide,synthetic,2000,16,float32,random_rows,128,1,duckdb_default,0.004399958066642284,0.004249875026289374,0.004432854009792209,536576,3
duckdb,wide,synthetic,2000,16,float32,vector_norm,l2,1,duckdb_default,0.004244167008437216,0.004207813006360084,0.004326750000473112,536576,3
duckdb,wide,synthetic,2000,16,float32,write,all,1,duckdb_default,0.012403041939251125,0.012160562502685934,0.012432062474545091,536576,3
duckdb,wide,synthetic,2000,64,float32,feature_projection,8,1,duckdb_default,0.004945707973092794,0.004655666532926261,0.005111833452247083,1323008,3
duckdb,wide,synthetic,2000,64,float32,full_read,all,1,duckdb_default,0.006174041889607906,0.0060095624648965895,0.0061854374362155795,1323008,3
duckdb,wide,synthetic,2000,64,float32,matrix_materialization,all,1,duckdb_default,0.005721707944758236,0.005638291477225721,0.005841395468451083,1323008,3
duckdb,wide,synthetic,2000,64,float32,random_rows,128,1,duckdb_default,0.005486417096108198,0.005307354556862265,0.005621125048492104,1323008,3
duckdb,wide,synthetic,2000,64,float32,vector_norm,l2,1,duckdb_default,0.005220125080086291,0.005104979500174522,0.005439229076728225,1323008,3
duckdb,wide,synthetic,2000,64,float32,write,all,1,duckdb_default,0.024862749967724085,0.024014249967876822,0.025403687497600913,1323008,3
duckdb,wide,synthetic,2000,128,float32,feature_projection,8,1,duckdb_default,0.005437250016257167,0.005405750009231269,0.005508145492058247,2371584,3
duckdb,wide,synthetic,2000,128,float32,full_read,all,1,duckdb_default,0.006706709042191505,0.006564021517988294,0.007099354523234069,2371584,3
duckdb,wide,synthetic,2000,128,float32,matrix_materialization,all,1,duckdb_default,0.007075333967804909,0.00681714597158134,0.0070791044854559,2371584,3
duckdb,wide,synthetic,2000,128,float32,random_rows,128,1,duckdb_default,0.0069173750234767795,0.006796000001486391,0.0071599375223740935,2371584,3
duckdb,wide,synthetic,2000,128,float32,vector_norm,l2,1,duckdb_default,0.007260125013999641,0.007259437523316592,0.00733402103651315,2371584,3
duckdb,wide,synthetic,2000,128,float32,write,all,1,duckdb_default,0.03864908299874514,0.03757706197211519,0.03935454145539552,2371584,3
parquet,fixed_array,synthetic,2000,16,float32,feature_projection,8,1,snappy,0.00032883300445973873,0.0003178329789079726,0.0003740204847417772,203358,3
parquet,fixed_array,synthetic,2000,16,float32,full_read,all,1,snappy,0.0004399159224703908,0.00043120799819007516,0.0004435624578036368,203358,3
parquet,fixed_array,synthetic,2000,16,float32,matrix_materialization,all,1,snappy,0.00038833299186080694,0.00035937450593337417,0.0004245620220899582,203358,3
parquet,fixed_array,synthetic,2000,16,float32,random_rows,128,1,snappy,0.00034441694151610136,0.0003438539570197463,0.0003523749765008688,203358,3
parquet,fixed_array,synthetic,2000,16,float32,vector_norm,l2,1,snappy,0.0003362500574439764,0.0003336460213176906,0.0003541249898262322,203358,3
parquet,fixed_array,synthetic,2000,16,float32,write,all,1,snappy,0.0019383750623092055,0.0018972500110976398,0.002135416551027447,203358,3
parquet,fixed_array,synthetic,2000,64,float32,feature_projection,8,1,snappy,0.0006177499890327454,0.0006045625195838511,0.0006534165004268289,799955,3
parquet,fixed_array,synthetic,2000,64,float32,full_read,all,1,snappy,0.0006758749950677156,0.0006719165248796344,0.0007188330055214465,799955,3
parquet,fixed_array,synthetic,2000,64,float32,matrix_materialization,all,1,snappy,0.0007804159540683031,0.000772020488511771,0.0007978119538165629,799955,3
parquet,fixed_array,synthetic,2000,64,float32,random_rows,128,1,snappy,0.0007607089355587959,0.0006916879792697728,0.0007612709887325764,799955,3
parquet,fixed_array,synthetic,2000,64,float32,vector_norm,l2,1,snappy,0.0007289170753210783,0.0007026875391602516,0.0007663750438950956,799955,3
parquet,fixed_array,synthetic,2000,64,float32,write,all,1,snappy,0.004912792006507516,0.004742833494674414,0.005605145997833461,799955,3
parquet,fixed_array,synthetic,2000,128,float32,feature_projection,8,1,snappy,0.0011864580446854234,0.0011578749981708825,0.001218979014083743,1616121,3
parquet,fixed_array,synthetic,2000,128,float32,full_read,all,1,snappy,0.0009649170096963644,0.0009518750011920929,0.00100079202093184,1616121,3
parquet,fixed_array,synthetic,2000,128,float32,matrix_materialization,all,1,snappy,0.0012546660145744681,0.0012501454912126064,0.0012760829995386302,1616121,3
parquet,fixed_array,synthetic,2000,128,float32,random_rows,128,1,snappy,0.0011797499610111117,0.0011635624687187374,0.0013011039700359106,1616121,3
parquet,fixed_array,synthetic,2000,128,float32,vector_norm,l2,1,snappy,0.0011690830579027534,0.0011563959997147322,0.0011916040093638003,1616121,3
parquet,fixed_array,synthetic,2000,128,float32,write,all,1,snappy,0.01337245898321271,0.01240639598108828,0.013938146003056318,1616121,3
parquet,wide,synthetic,2000,16,float32,feature_projection,8,1,snappy,0.0005276249721646309,0.0005210210219956934,0.0005444164853543043,196798,3
parquet,wide,synthetic,2000,16,float32,full_read,all,1,snappy,0.0004650420742109418,0.0004630625480785966,0.000549646036233753,196798,3
parquet,wide,synthetic,2000,16,float32,matrix_materialization,all,1,snappy,0.0006512079853564501,0.000636103970464319,0.0006867080228403211,196798,3
parquet,wide,synthetic,2000,16,float32,random_rows,128,1,snappy,0.0006849580677226186,0.0006450620712712407,0.0007342085591517389,196798,3
parquet,wide,synthetic,2000,16,float32,vector_norm,l2,1,snappy,0.0006372500211000443,0.0006212500156834722,0.0006463330355472863,196798,3
parquet,wide,synthetic,2000,16,float32,write,all,1,snappy,0.0031811250373721123,0.0030748540302738547,0.0032992290216498077,196798,3
parquet,wide,synthetic,2000,64,float32,feature_projection,8,1,snappy,0.000823583104647696,0.0008011040627025068,0.0008326250244863331,740648,3
parquet,wide,synthetic,2000,64,float32,full_read,all,1,snappy,0.0010820840252563357,0.0010726460022851825,0.0010868749814108014,740648,3
parquet,wide,synthetic,2000,64,float32,matrix_materialization,all,1,snappy,0.0015264159301295877,0.0014624159666709602,0.0015944159240461886,740648,3
parquet,wide,synthetic,2000,64,float32,random_rows,128,1,snappy,0.0015642090002074838,0.0015338754747062922,0.001662625523749739,740648,3
parquet,wide,synthetic,2000,64,float32,vector_norm,l2,1,snappy,0.0015725839184597135,0.0015725419507361948,0.0015754169435240328,740648,3
parquet,wide,synthetic,2000,64,float32,write,all,1,snappy,0.007441750029101968,0.007267812499776483,0.009357833536341786,740648,3
parquet,wide,synthetic,2000,128,float32,feature_projection,8,1,snappy,0.001094458973966539,0.0010887504904530942,0.0011042089900001884,1465851,3
parquet,wide,synthetic,2000,128,float32,full_read,all,1,snappy,0.001998333027586341,0.0019945415551774204,0.0020186870242469013,1465851,3
parquet,wide,synthetic,2000,128,float32,matrix_materialization,all,1,snappy,0.0028639999218285084,0.002848562493454665,0.0029304164345376194,1465851,3
parquet,wide,synthetic,2000,128,float32,random_rows,128,1,snappy,0.002775374916382134,0.0027519584982655942,0.0027800414245575666,1465851,3
parquet,wide,synthetic,2000,128,float32,vector_norm,l2,1,snappy,0.002832332975231111,0.0027904585003852844,0.0029294994892552495,1465851,3
parquet,wide,synthetic,2000,128,float32,write,all,1,snappy,0.012977833044715226,0.012726437533274293,0.013034270494244993,1465851,3
